id_cc,fecha,ins_total_dia,z,is_anomalia
1,2024-10-01,45298,0.09029215974955457,False
1,2024-10-02,47954,0.3870699594254533,False
1,2024-10-03,47703,0.3590235634470457,False
1,2024-10-04,40997,-0.3902956852828402,False
1,2024-10-05,52749,0.9228566873794949,False
1,2024-10-06,40228,-0.4762226912883997,False
1,2024-10-07,46252,0.19689081219338264,False
1,2024-10-08,45593,0.12325505542138819,False
1,2024-10-09,48134,0.4071829127167416,False
1,2024-10-10,47652,0.35332489334784734,False
1,2024-10-11,50455,0.6665282715449649,False
1,2024-10-12,49487,0.5583652782895921,False
1,2024-10-13,39156,-0.5960065020009613,False
1,2024-10-14,30819,-1.5275714552757986,False
1,2024-10-15,44382,-0.012060424777223768,False
1,2024-10-16,43729,-0.08502574977284194,False
1,2024-10-17,36471,-0.8960247219293453,False
1,2024-10-18,45360,0.09721995477210943,False
1,2024-10-19,56596,1.3527151946660847,False
1,2024-10-20,48703,0.4707621928430919,False
1,2024-10-21,39209,-0.5900843546429708,False
1,2024-10-22,40003,-0.5013638829025101,False
1,2024-10-23,41003,-0.38962525350646393,False
1,2024-10-24,41997,-0.27855705588679397,False
1,2024-10-25,48999,0.5038368271443217,False
1,2024-10-26,56301,1.319752298994251,False
1,2024-10-27,45897,0.15722359875778624,False
1,2024-10-28,33911,-1.1820756131832237,False
1,2024-10-29,35149,-1.0437431899909184,False
1,2024-10-30,47863,0.3769017441504131,False
1,2024-10-31,72783,3.1614283886998846,True
1,2024-11-01,53739,1.0334779304815807,False
1,2024-11-02,46949,0.27477263688242687,False
1,2024-11-03,45406,0.10235993172432756,False
1,2024-11-04,47266,0.3101937824009735,False
1,2024-11-05,34067,-1.1646443869974406,False
1,2024-11-06,34800,-1.0827399716501387,False
1,2024-11-07,37369,-0.7956834327316958,False
1,2024-11-08,45864,0.1535362239877167,False
1,2024-11-09,54878,1.1607482293636773,False
1,2024-11-10,46371,0.21018770909151216,False
1,2024-11-11,39305,-0.5793574462209504,False
1,2024-11-12,39788,-0.52538768822266,False
1,2024-11-13,40149,-0.4850500430106874,False
1,2024-11-14,40187,-0.48080397509363765,False
1,2024-11-15,45095,0.06760921798215717,False
1,2024-11-16,53064,0.9580543556392495,False
1,2024-11-17,47495,0.3357819285326681,False
1,2024-11-18,37426,-0.7893143308561212,False
1,2024-11-19,49516,0.5616056985420775,False
1,2024-11-20,40546,-0.440689807140457,False
1,2024-11-21,38382,-0.6824922011535011,False
1,2024-11-22,45566,0.12023811242769494,False
1,2024-11-23,54239,1.0893472451796038,False
1,2024-11-24,49558,0.5662987209767114,False
1,2024-11-25,36794,-0.8599331446344224,False
1,2024-11-26,39056,-0.6071803649405659,False
1,2024-11-27,41740,-0.30727388364157787,False
1,2024-11-28,45601,0.12414896445655657,False
1,2024-11-29,64124,2.1938835967595205,False
1,2024-11-30,65951,2.398030072666097,False
1,2024-12-01,58352,1.5489282278855419,False
1,2024-12-02,38696,-0.6474062715231426,False
1,2024-12-03,40079,-0.49287174706841064,False
1,2024-12-04,38858,-0.6293046135609831,False
1,2024-12-05,43789,-0.07832143200907918,False
1,2024-12-06,51658,0.8009498427084085,False
1,2024-12-07,57334,1.4351783031603669,False
1,2024-12-08,51422,0.7745795261709416,False
1,2024-12-09,38280,-0.6938895413518977,False
1,2024-12-10,50088,0.6255201945566159,False
1,2024-12-11,50534,0.6753556232672525,False
1,2024-12-12,44380,-0.012283902036015861,False
1,2024-12-13,51857,0.8231858299582216,False
1,2024-12-14,62764,2.0419190607808977,False
1,2024-12-15,58726,1.590718475279663,False
1,2024-12-16,42371,-0.2367668084926727,False
1,2024-12-17,49212,0.5276371552056794,False
1,2024-12-18,54048,1.0680051669649588,False
1,2024-12-19,57308,1.4322730987960697,False
1,2024-12-20,60805,1.8230230857940433,False
1,2024-12-21,66623,2.47311843162024,False
1,2024-12-22,66978,2.5127856450558363,False
1,2024-12-23,81973,4.188306392849549,True
1,2024-12-24,70906,2.951694981323506,False
1,2024-12-25,63228,2.093765784820663,False
1,2024-12-26,68643,2.6988304630002533,False
1,2024-12-27,64514,2.2374616622239785,False
1,2024-12-28,72531,3.133270254092081,True
1,2024-12-29,64064,2.1871792789957576,False
1,2024-12-30,67332,2.552341119862037,False
1,2024-12-31,43924,-0.06323671704061294,False
1,2025-01-01,13413,-3.472494038543379,True
1,2025-01-02,53853,1.0462161342327299,False
1,2025-01-03,52596,0.9057606770818998,False
1,2025-01-04,51118,0.7406109828345435,False
1,2025-01-05,47181,0.3006959989023096,False
1,2025-01-06,41423,-0.3426950291601245,False
1,2025-01-07,39234,-0.5872908889080697,False
1,2025-01-08,40101,-0.4904134972216976,False
1,2025-01-09,37918,-0.7343389251932665,False
1,2025-01-10,47618,0.3495257799483818,False
1,2025-01-11,60181,1.7532981810509103,False
1,2025-01-12,47927,0.38405301643176004,False
1,2025-01-13,33941,-1.1787234543013423,False
1,2025-01-14,35408,-1.0148028849773425,False
1,2025-01-15,36024,-0.945971889269378,False
1,2025-01-16,36398,-0.9041816418752567,False
1,2025-01-17,46126,0.18281174488948082,False
1,2025-01-18,53974,1.0597365083896515,False
1,2025-01-19,44043,-0.04993982014248344,False
1,2025-01-20,33213,-1.2600691765016638,False
1,2025-01-21,34806,-1.0820695398737623,False
1,2025-01-22,35872,-0.9629561609375771,False
1,2025-01-23,36754,-0.8644026898102642,False
1,2025-01-24,44175,-0.035190321062205335,False
1,2025-01-25,51411,0.773350401247585,False
1,2025-01-26,42265,-0.2486111032086536,False
1,2025-01-27,31334,-1.4700260611368348,False
1,2025-01-28,33912,-1.1819638745538277,False
1,2025-01-29,34518,-1.1142502651398236,False
1,2025-01-30,35652,-0.9875386594047072,False
1,2025-01-31,44637,0.016432925718768015,False
1,2025-02-01,52577,0.9036376431233749,False
1,2025-02-02,46081,0.17778350656665876,False
1,2025-02-03,33818,-1.192467305717056,False
1,2025-02-04,36285,-0.91680810699701,False
1,2025-02-05,36821,-0.8569162016407292,False
1,2025-02-06,41717,-0.30984387211768694,False
1,2025-02-07,43081,-0.1574323816214799,False
1,2025-02-08,53296,0.9839777176591322,False
1,2025-02-09,41979,-0.28056835121592283,False
1,2025-02-10,32191,-1.374266055744423,False
1,2025-02-11,33747,-1.2004007484041752,False
1,2025-02-12,37400,-0.7922195352204184,False
1,2025-02-13,43464,-0.1146364865627942,False
1,2025-02-14,57158,1.4155123043866626,False
1,2025-02-15,53197,0.9729155933489236,False
1,2025-02-16,45690,0.13409370247280467,False
1,2025-02-17,31746,-1.4239897458256636,False
1,2025-02-18,33720,-1.2034176913978685,False
1,2025-02-19,41791,-0.3015752135423795,False
1,2025-02-20,36853,-0.8533405655000557,False
1,2025-02-21,43893,-0.06670061455189037,False
1,2025-02-22,50573,0.6797134298136983,False
1,2025-02-23,42899,-0.1777688121715603,False
1,2025-02-24,32057,-1.3892390320834933,False
1,2025-02-25,32932,-1.291467731361953,False
1,2025-02-26,34707,-1.0931316641839708,False
1,2025-02-27,36562,-0.8858565066543052,False
1,2025-02-28,44230,-0.029044696445422794,False
1,2025-03-01,49574,0.5680865390470482,False
1,2025-03-02,41800,-0.3005695658778151,False
1,2025-03-03,46309,0.20325991406895727,False
1,2025-03-04,44694,0.02280202759434265,False
1,2025-03-05,34034,-1.16833176176751,False
1,2025-03-06,36042,-0.9439605939402492,False
1,2025-03-07,44522,0.003582983338222701,False
1,2025-03-08,56152,1.3031032432142402,False
1,2025-03-09,46729,0.2501901384152967,False
1,2025-03-10,35033,-1.0567048710008597,False
1,2025-03-11,35143,-1.0444136217672948,False
1,2025-03-12,35887,-0.9612800814966364,False
1,2025-03-13,36415,-0.902282085175524,False
1,2025-03-14,43968,-0.0583202173471869,False
1,2025-03-15,54150,1.0794025071633557,False
1,2025-03-16,47049,0.28594649982203146,False
1,2025-03-17,34652,-1.0992772888007534,False
1,2025-03-18,37411,-0.790990410297062,False
1,2025-03-19,38381,-0.6826039397828971,False
1,2025-03-20,39268,-0.5834917755086041,False
1,2025-03-21,46985,0.27879522754068453,False
1,2025-03-22,57948,1.5037858216095392,False
1,2025-03-23,46742,0.2516427405974453,False
1,2025-03-24,33932,-1.1797291019659066,False
1,2025-03-25,35555,-0.9983773064561237,False
1,2025-03-26,35904,-0.9593805247969036,False
1,2025-03-27,36931,-0.8446249524071641,False
1,2025-03-28,45679,0.13286457754944817,False
1,2025-03-29,56570,1.3498099903017875,False
1,2025-03-30,47350,0.31957982727024137,False
1,2025-03-31,35033,-1.0567048710008597,False
1,2025-04-01,36645,-0.8765822004144334,False
1,2025-04-02,37044,-0.8319984872854109,False
1,2025-04-03,38151,-0.7083038245439878,False
1,2025-04-04,47275,0.3111994300655379,False
1,2025-04-05,59998,1.7328500118714338,False
1,2025-04-06,46042,0.17342570002021296,False
1,2025-04-07,34506,-1.1155911286925762,False
1,2025-04-08,35515,-1.0028468516319655,False
1,2025-04-09,37453,-0.786297387862428,False
1,2025-04-10,39224,-0.5884082752020301,False
1,2025-04-11,47957,0.38740517531364144,False
1,2025-04-12,58077,1.5182001048016291,False
1,2025-04-13,42897,-0.1779922894303524,False
1,2025-04-14,36169,-0.9297697880069513,False
1,2025-04-15,39265,-0.5838269913967923,False
1,2025-04-16,41258,-0.36113190301047216,False
1,2025-04-17,52074,0.8474331125371637,False
1,2025-04-18,47849,0.37533740333886845,False
1,2025-04-19,51154,0.7446335734928012,False
1,2025-04-20,41955,-0.28325007832142796,False
1,2025-04-21,33589,-1.2180554518487505,False
1,2025-04-22,35931,-0.9563635818032103,False
1,2025-04-23,39227,-0.588073059313842,False
1,2025-04-24,39224,-0.5884082752020301,False
1,2025-04-25,47957,0.38740517531364144,False
1,2025-04-26,58286,1.5415534783454028,False
1,2025-04-27,47495,0.3357819285326681,False
1,2025-04-28,32080,-1.3866690436073843,False
1,2025-04-29,36677,-0.8730065642737599,False
1,2025-04-30,38426,-0.6775757014600751,False
1,2025-05-01,42791,-0.18983658414633328,False
1,2025-05-02,59184,1.6418947675430522,False
1,2025-05-03,65925,2.3951248683018,False
1,2025-05-04,44978,0.054535798342819776,False
1,2025-05-05,33809,-1.1934729533816204,False
1,2025-05-06,35834,-0.9672022288546268,False
1,2025-05-07,37060,-0.8302106692150741,False
1,2025-05-08,43752,-0.08245576129673288,False
1,2025-05-09,54692,1.1399648442960126,False
1,2025-05-10,69882,2.8372746248219545,False
1,2025-05-11,48111,0.40461292424063255,False
1,2025-05-12,34486,-1.1178259012804972,False
1,2025-05-13,35331,-1.023406759440838,False
1,2025-05-14,35486,-1.006087271884451,False
1,2025-05-15,39958,-0.5063921212253322,False
1,2025-05-16,55251,1.2024267381284026,False
1,2025-05-17,62345,1.9951005750639543,False
1,2025-05-18,44522,0.003582983338222701,False
1,2025-05-19,34206,-1.14911271751139,False
1,2025-05-20,35329,-1.0236302366996302,False
1,2025-05-21,33401,-1.2390623141752073,False
1,2025-05-22,41785,-0.3022456453187558,False
1,2025-05-23,58056,1.515853593584312,False
1,2025-05-24,65123,2.305510487526171,False
1,2025-05-25,46075,0.17711307479028246,False
1,2025-05-26,35582,-0.9953603634624304,False
1,2025-05-27,35222,-1.0355862700450071,False
1,2025-05-28,34987,-1.061844847953078,False
1,2025-05-29,38080,-0.716237267231107,False
1,2025-05-30,46836,0.2621461717606736,False
1,2025-05-31,55383,1.2171762372086807,False
1,2025-06-01,57274,1.428473985396604,False
1,2025-06-02,36065,-0.9413906054641401,False
1,2025-06-03,36438,-0.8997120966994149,False
1,2025-06-04,35754,-0.9761413192063105,False
1,2025-06-05,37005,-0.8363562938318567,False
1,2025-06-06,42457,-0.22715728636461274,False
1,2025-06-07,57564,1.4608781879214574,False
1,2025-06-08,49385,0.5469679380911955,False
1,2025-06-09,34159,-1.1543644330930043,False
1,2025-06-10,34906,-1.0708956769341578,False
1,2025-06-11,36750,-0.8648496443278485,False
1,2025-06-12,38476,-0.6719887699902727,False
1,2025-06-13,46904,0.2697443985596048,False
1,2025-06-14,60513,1.7903954060103977,False
1,2025-06-15,46920,0.27153221662994154,False
1,2025-06-16,34833,-1.079052596880069,False
1,2025-06-17,36646,-0.8764704617850373,False
1,2025-06-18,37816,-0.7457362653916632,False
1,2025-06-19,38638,-0.6538871120281132,False
1,2025-06-20,46353,0.20817641376238333,False
1,2025-06-21,53249,0.978726002077518,False
1,2025-06-22,43781,-0.07921534104424754,False
1,2025-06-23,35064,-1.0532409734895825,False
1,2025-06-24,37847,-0.7422723678803858,False
1,2025-06-25,38252,-0.6970182229749871,False
1,2025-06-26,43625,-0.09664656723003075,False
1,2025-06-27,49423,0.5512140060082452,False
1,2025-06-28,56968,1.394281964801414,False
1,2025-06-29,45426,0.10459470431224847,False
1,2025-06-30,36848,-0.853899258647036,False
1,2025-07-01,39404,-0.5682953219107418,False
1,2025-07-02,40049,-0.49622390595029203,False
1,2025-07-03,45620,0.12627199841508144,False
1,2025-07-04,50243,0.6428396821130031,False
1,2025-07-05,58292,1.542223910121779,False
1,2025-07-06,45528,0.1159920445106452,False
1,2025-07-07,38202,-0.7026051544447893,False
1,2025-07-08,40488,-0.44717064764542774,False
1,2025-07-09,39896,-0.5133199162478871,False
1,2025-07-10,54368,1.1037615283716937,False
1,2025-07-11,49117,0.517021985413055,False
1,2025-07-12,53606,1.0186166927719065,False
1,2025-07-13,41666,-0.31554254221688527,False
1,2025-07-14,37740,-0.7542284012257627,False
1,2025-07-15,42859,-0.18223835734740215,False
1,2025-07-16,39389,-0.5699714013516826,False
1,2025-07-17,42391,-0.23453203590475177,False
1,2025-07-18,48592,0.4583592049801308,False
1,2025-07-19,51994,0.83849402218548,False
1,2025-07-20,47028,0.2835999886047145,False
1,2025-07-21,37409,-0.791213887555854,False
1,2025-07-22,38115,-0.7123264152022454,False
1,2025-07-23,40684,-0.42526987628380264,False
1,2025-07-24,42756,-0.1937474361751949,False
1,2025-07-25,50865,0.7123411095973439,False
1,2025-07-26,54568,1.126109254250903,False
1,2025-07-27,49510,0.5609352667657013,False
1,2025-07-28,39286,-0.5814804801794753,False
1,2025-07-29,38724,-0.6442775899000532,False
1,2025-07-30,41943,-0.2845909418741805,False
1,2025-07-31,44985,0.0553179687485921,False
1,2025-08-01,49366,0.5448449041326705,False
1,2025-08-02,55309,1.2089075786333732,False
1,2025-08-03,47802,0.37008568775725426,False
1,2025-08-04,39750,-0.5296337561397099,False
1,2025-08-05,41055,-0.38381484477786953,False
1,2025-08-06,43147,-0.15005763208134085,False
1,2025-08-07,44392,-0.010943038483263307,False
1,2025-08-08,46892,0.2684035350068522,False
1,2025-08-09,48236,0.41858025291513834,False
1,2025-08-10,46889,0.2680683191186641,False
1,2025-08-11,42203,-0.25553889823120846,False
1,2025-08-12,39201,-0.5909782636781392,False
1,2025-08-13,40822,-0.4098499454271483,False
1,2025-08-14,43317,-0.131062065084013,False
1,2025-08-15,47339,0.3183507023468849,False
1,2025-08-16,52366,0.8800607923208092,False
1,2025-08-17,44686,0.02190811855917428,False
1,2025-08-18,39509,-0.556562765824157,False
1,2025-08-19,42368,-0.23710202438086084,False
1,2025-08-20,44297,-0.021558208275887697,False
1,2025-08-21,44112,-0.042229854714156245,False
1,2025-08-22,53840,1.0447635320505813,False
1,2025-08-23,57830,1.4906006633408058,False
1,2025-08-24,54623,1.1322548788676856,False
1,2025-08-25,38548,-0.6639435886737574,False
1,2025-08-26,38139,-0.7096446880967403,False
1,2025-08-27,38474,-0.6722122472490648,False
1,2025-08-28,41318,-0.35442758524670936,False
1,2025-08-29,48436,0.4409279787943476,False
1,2025-08-30,54134,1.077614689093019,False
1,2025-08-31,45308,0.09140954604351502,False
1,2025-09-01,38871,-0.6278520113788344,False
1,2025-09-02,37423,-0.7896495467443093,False
1,2025-09-03,39192,-0.5919839113427036,False
1,2025-09-04,38468,-0.6728826790254411,False
1,2025-09-05,44708,0.024366368405887295,False
1,2025-09-06,54377,1.104767176036258,False
1,2025-09-07,43990,-0.05586196750047388,False
1,2025-09-08,36208,-0.9254119814605055,False
1,2025-09-09,34860,-1.0760356538863758,False
1,2025-09-10,36924,-0.8454071228129364,False
1,2025-09-11,39016,-0.6116499101164078,False
1,2025-09-12,44564,0.008276005772856643,False
1,2025-09-13,54284,1.0943754835024257,False
1,2025-09-14,45059,0.06358662732389951,False
1,2025-09-15,33276,-1.253029642849713,False
1,2025-09-16,34367,-1.1311227981786265,False
1,2025-09-17,38825,-0.6329919883310525,False
1,2025-09-18,38887,-0.6260641933084977,False
1,2025-09-19,44479,-0.0012217777258072863,False
1,2025-09-20,53164,0.9692282185788541,False
1,2025-09-21,41752,-0.30593302008882534,False
1,2025-09-22,31548,-1.4461139944460808,False
1,2025-09-23,34173,-1.1528000922814596,False
1,2025-09-24,36017,-0.9467540596751504,False
1,2025-09-25,36189,-0.9275350154190304,False
1,2025-09-26,46806,0.2587940128787923,False
1,2025-09-27,55982,1.2841076762169124,False
1,2025-09-28,43538,-0.10636782798748677,False
1,2025-09-29,31740,-1.42466017760204,False
1,2025-09-30,37179,-0.8169137723169446,False
2,2024-10-01,21054,-1.7413724677305773,False
2,2024-10-02,22346,-1.5472363339424013,False
2,2024-10-03,21976,-1.6028325951665694,False
2,2024-10-04,23877,-1.3171880206067221,False
2,2024-10-05,30235,-0.3618338885438563,False
2,2024-10-06,27565,-0.7630285303506905,False
2,2024-10-07,24382,-1.2413066370440065,False
2,2024-10-08,27656,-0.7493548552928546,False
2,2024-10-09,25019,-1.145590911639155,False
2,2024-10-10,34002,0.20419615478436262,False
2,2024-10-11,39940,1.0964410173495243,False
2,2024-10-12,38824,0.9287506726841959,False
2,2024-10-13,33508,0.12996763304182476,False
2,2024-10-14,22606,-1.508168690920013,False
2,2024-10-15,27696,-0.7433444486740256,False
2,2024-10-16,22993,-1.4500180068828425,False
2,2024-10-17,21419,-1.6865275073337629,False
2,2024-10-18,27235,-0.8126143849560296,False
2,2024-10-19,31950,-0.1041377047615639,False
2,2024-10-20,28562,-0.6132191453763782,False
2,2024-10-21,21673,-1.648361425304199,False
2,2024-10-22,22347,-1.5470860737769305,False
2,2024-10-23,24261,-1.259488117065964,False
2,2024-10-24,24468,-1.2283842628135242,False
2,2024-10-25,28320,-0.6495821054202936,False
2,2024-10-26,35850,0.4818769405742614,False
2,2024-10-27,31311,-0.20015395049735682,False
2,2024-10-28,22744,-1.487432788085053,False
2,2024-10-29,20967,-1.7544451021265304,False
2,2024-10-30,23625,-1.355053582305345,False
2,2024-10-31,34698,0.3087772299519868,False
2,2024-11-01,32828,0.027790720521732145,False
2,2024-11-02,32168,-0.07138098868894598,False
2,2024-11-03,30783,-0.2794913178658993,False
2,2024-11-04,33268,0.0939051933288509,False
2,2024-11-05,24420,-1.235596750756119,False
2,2024-11-06,25527,-1.0692587475800268,False
2,2024-11-07,28690,-0.5939858441961255,False
2,2024-11-08,29940,-0.40616063735772,False
2,2024-11-09,35944,0.49600139612850946,False
2,2024-11-10,33340,0.10472392524274306,False
2,2024-11-11,26967,-0.8528841093021837,False
2,2024-11-12,26361,-0.9439417695774428,False
2,2024-11-13,24634,-1.203441075345384,False
2,2024-11-14,31532,-0.16694645392832672,False
2,2024-11-15,33031,0.05829353411228921,False
2,2024-11-16,36327,0.5535510395037969,False
2,2024-11-17,32801,0.023733696054022587,False
2,2024-11-18,29751,-0.4345598086316869,False
2,2024-11-19,22177,-1.5726303019069539,False
2,2024-11-20,23895,-1.3144833376282492,False
2,2024-11-21,27702,-0.7424428876812013,False
2,2024-11-22,29539,-0.4664149637114805,False
2,2024-11-23,39024,0.9588027057783407,False
2,2024-11-24,32804,0.02418447655043476,False
2,2024-11-25,30101,-0.38196875071693337,False
2,2024-11-26,26001,-0.9980354291469036,False
2,2024-11-27,25607,-1.057237934342369,False
2,2024-11-28,24892,-1.164673952653937,False
2,2024-11-29,40412,1.1673638154517063,False
2,2024-11-30,46771,2.122868207680043,False
2,2024-12-01,40981,1.2528618496045485,False
2,2024-12-02,27163,-0.8234331168699217,False
2,2024-12-03,28164,-0.6730226912337266,False
2,2024-12-04,27783,-0.7302718142780726,False
2,2024-12-05,31971,-0.1009822412866787,False
2,2024-12-06,37723,0.7633142305009283,False
2,2024-12-07,35306,0.4001354105581873,False
2,2024-12-08,33268,0.0939051933288509,False
2,2024-12-09,30083,-0.3846734336954064,False
2,2024-12-10,28873,-0.5664882339149829,False
2,2024-12-11,25300,-1.1033678051418814,False
2,2024-12-12,28878,-0.5657369330876294,False
2,2024-12-13,34488,0.2772225952031347,False
2,2024-12-14,45573,1.942856529446115,False
2,2024-12-15,43764,1.6710358901095745,False
2,2024-12-16,35261,0.3933737031120047,False
2,2024-12-17,36167,0.529509413028481,False
2,2024-12-18,37886,0.7878066374726563,False
2,2024-12-19,40886,1.2385871338848295,False
2,2024-12-20,46510,2.083650304492184,False
2,2024-12-21,52741,3.0199213955402677,True
2,2024-12-22,49307,2.5039279873138,False
2,2024-12-23,52473,2.9796516711941137,False
2,2024-12-24,46753,2.12016352470157,False
2,2024-12-25,45417,1.919415943632682,False
2,2024-12-26,42534,1.4862158865805835,False
2,2024-12-27,42831,1.5308431557253885,False
2,2024-12-28,43842,1.682756183016291,False
2,2024-12-29,41346,1.307706810001363,False
2,2024-12-30,44412,1.768404477334604,False
2,2024-12-31,29246,-0.5104411921944028,False
2,2025-01-01,18052,-2.1924534844736923,False
2,2025-01-02,43736,1.6668286054763943,False
2,2025-01-03,44876,1.8381251941130201,False
2,2025-01-04,44389,1.7649484935287774,False
2,2025-01-05,42639,1.5019932039550095,False
2,2025-01-06,38741,0.9162790789501257,False
2,2025-01-07,29011,-0.545752331080023,False
2,2025-01-08,28930,-0.5579234044831517,False
2,2025-01-09,27099,-0.8330497674600481,False
2,2025-01-10,33288,0.09691039663826538,False
2,2025-01-11,43580,1.6433880196629613,False
2,2025-01-12,38373,0.8609833380568991,False
2,2025-01-13,26705,-0.8922522726555135,False
2,2025-01-14,26356,-0.9446930704047963,False
2,2025-01-15,27354,-0.7947334252650133,False
2,2025-01-16,25592,-1.05949183682443,False
2,2025-01-17,31612,-0.15492564069066875,False
2,2025-01-18,40363,1.1600010673436407,False
2,2025-01-19,36367,0.5595614461226259,False
2,2025-01-20,28361,-0.6434214386359939,False
2,2025-01-21,26652,-0.900216061425462,False
2,2025-01-22,25369,-1.0929998537244014,False
2,2025-01-23,26396,-0.9386826637859674,False
2,2025-01-24,30925,-0.25815437436905647,False
2,2025-01-25,38437,0.8705999886470255,False
2,2025-01-26,35796,0.4737628916388423,False
2,2025-01-27,25276,-1.1069740491131788,False
2,2025-01-28,24266,-1.2587368162386103,False
2,2025-01-29,24491,-1.2249282790076974,False
2,2025-01-30,25120,-1.1304146349266118,False
2,2025-01-31,33055,0.06189977808358659,False
2,2025-02-01,39864,1.0850212447737493,False
2,2025-02-02,36607,0.5956238858355998,False
2,2025-02-03,27883,-0.7152457977310002,False
2,2025-02-04,26441,-0.9319209563397848,False
2,2025-02-05,27667,-0.7477019934726766,False
2,2025-02-06,27025,-0.8441690197048817,False
2,2025-02-07,31707,-0.14065092497094994,False
2,2025-02-08,40445,1.1723224009122402,False
2,2025-02-09,32778,0.020277712248195925,False
2,2025-02-10,27205,-0.8171221899201513,False
2,2025-02-11,24222,-1.2653482635193223,False
2,2025-02-12,26639,-0.9021694435765814,False
2,2025-02-13,28826,-0.573550461692107,False
2,2025-02-14,39928,1.0946378953638756,False
2,2025-02-15,38899,0.9400201850945001,False
2,2025-02-16,35850,0.4818769405742614,False
2,2025-02-17,26488,-0.9248587285626607,False
2,2025-02-18,24792,-1.1796999692010093,False
2,2025-02-19,26108,-0.981957591441536,False
2,2025-02-20,29103,-0.5319283958567164,False
2,2025-02-21,43684,1.6590150768719165,False
2,2025-02-22,37776,0.7712780192708766,False
2,2025-02-23,36962,0.6489662445777069,False
2,2025-02-24,27268,-0.8076557994954957,False
2,2025-02-25,25194,-1.1192953826817782,False
2,2025-02-26,27159,-0.8240341575318046,False
2,2025-02-27,27426,-0.7839146933511212,False
2,2025-02-28,36012,0.5062190873805187,False
2,2025-03-01,40772,1.221457475021167,False
2,2025-03-02,36701,0.6097483413898479,False
2,2025-03-03,35197,0.3837570525218783,False
2,2025-03-04,35454,0.4223739150478545,False
2,2025-03-05,30009,-0.39579268594024003,False
2,2025-03-06,27767,-0.7326759769256042,False
2,2025-03-07,35476,0.42567963868821046,False
2,2025-03-08,45293,1.9007836831143121,False
2,2025-03-09,38498,0.8797658587407396,False
2,2025-03-10,29886,-0.4142746862931391,False
2,2025-03-11,26037,-0.9926260631899575,False
2,2025-03-12,28012,-0.6958622363852767,False
2,2025-03-13,26167,-0.9730922416787633,False
2,2025-03-14,33613,0.14574495041625082,False
2,2025-03-15,43193,1.585237335625791,False
2,2025-03-16,38265,0.8447552401860609,False
2,2025-03-17,28390,-0.6390638938373429,False
2,2025-03-18,26048,-0.9909732013697795,False
2,2025-03-19,27967,-0.7026239438314593,False
2,2025-03-20,29760,-0.4332074671424504,False
2,2025-03-21,34620,0.2970569370452703,False
2,2025-03-22,42443,1.4725422115227476,False
2,2025-03-23,39009,0.9565488032962799,False
2,2025-03-24,25986,-1.0002893316289645,False
2,2025-03-25,25926,-1.009304941557208,False
2,2025-03-26,26215,-0.9658797537361685,False
2,2025-03-27,31290,-0.20330941397224203,False
2,2025-03-28,36242,0.5407789254387854,False
2,2025-03-29,44522,1.7849330955363836,False
2,2025-03-30,40989,1.2540639309283141,False
2,2025-03-31,30065,-0.38737811667387945,False
2,2025-04-01,28404,-0.6369602515207528,False
2,2025-04-02,28180,-0.670618528586195,False
2,2025-04-03,28747,-0.5854210147642942,False
2,2025-04-04,34271,0.2446161392959875,False
2,2025-04-05,44800,1.8267054215372451,False
2,2025-04-06,40603,1.1960635070566146,False
2,2025-04-07,26049,-0.9908229412043088,False
2,2025-04-08,25302,-1.10306728481094,False
2,2025-04-09,25458,-1.079626698997507,False
2,2025-04-10,26834,-0.87286871130979,False
2,2025-04-11,34464,0.2736163512318373,False
2,2025-04-12,44694,1.8107778439973483,False
2,2025-04-13,34009,0.2052479759426577,False
2,2025-04-14,27748,-0.735530920069548,False
2,2025-04-15,28056,-0.6892507891045648,False
2,2025-04-16,31321,-0.19865134884264957,False
2,2025-04-17,38993,0.9541446406487483,False
2,2025-04-18,34212,0.23575078953321477,False
2,2025-04-19,40395,1.164809392638704,False
2,2025-04-20,37816,0.7772884258897056,False
2,2025-04-21,28069,-0.6872974069534454,False
2,2025-04-22,26063,-0.9887192988877186,False
2,2025-04-23,26420,-0.93507641981467,False
2,2025-04-24,26834,-0.87286871130979,False
2,2025-04-25,34464,0.2736163512318373,False
2,2025-04-26,38152,0.827775841487869,False
2,2025-04-27,37739,0.7657183931484598,False
2,2025-04-28,24813,-1.1765445057261241,False
2,2025-04-29,25019,-1.145590911639155,False
2,2025-04-30,26919,-0.8600965972447785,False
2,2025-05-01,33321,0.10186898209879929,False
2,2025-05-02,43340,1.6073255799499873,False
2,2025-05-03,44119,1.7243782488516817,False
2,2025-05-04,40646,1.2025246941718557,False
2,2025-05-05,30005,-0.3963937266021229,False
2,2025-05-06,25879,-1.016367169334332,False
2,2025-05-07,26891,-0.8643038818779588,False
2,2025-05-08,28001,-0.6975150982054547,False
2,2025-05-09,35351,0.4068971180043699,False
2,2025-05-10,47688,2.2606567794166974,False
2,2025-05-11,43727,1.6654762639871576,False
2,2025-05-12,25775,-1.0319942265432873,False
2,2025-05-13,24557,-1.2150111080866297,False
2,2025-05-14,24966,-1.1535547004091034,False
2,2025-05-15,26676,-0.8966098174541646,False
2,2025-05-16,31473,-0.17581180369109944,False
2,2025-05-17,41528,1.3350541601170347,False
2,2025-05-18,39595,1.0446012602621244,False
2,2025-05-19,26869,-0.8676096055183148,False
2,2025-05-20,27468,-0.7776037664013508,False
2,2025-05-21,26526,-0.9191488422747732,False
2,2025-05-22,31938,-0.1059408267472126,False
2,2025-05-23,43225,1.590045660920854,False
2,2025-05-24,43179,1.5831336933092008,False
2,2025-05-25,38244,0.8415997767111757,False
2,2025-05-26,26003,-0.997734908815962,False
2,2025-05-27,24927,-1.1594148468624617,False
2,2025-05-28,27659,-0.7489040747964424,False
2,2025-05-29,27330,-0.7983396692363107,False
2,2025-05-30,35500,0.42928588265950784,False
2,2025-05-31,44962,1.8510475683435024,False
2,2025-06-01,57832,3.784895897951726,True
2,2025-06-02,30654,-0.29887487921162276,False
2,2025-06-03,27240,-0.811863084128676,False
2,2025-06-04,26758,-0.8842884838855651,False
2,2025-06-05,27035,-0.8426664180501745,False
2,2025-06-06,32818,0.026288118867024902,False
2,2025-06-07,41560,1.339862485412098,False
2,2025-06-08,38309,0.8513666874667728,False
2,2025-06-09,26984,-0.8503296864891814,False
2,2025-06-10,25188,-1.1201969436746024,False
2,2025-06-11,25765,-1.0334968281979946,False
2,2025-06-12,26213,-0.9661802740671099,False
2,2025-06-13,34925,0.34288628751384126,False
2,2025-06-14,43003,1.5566879041863533,False
2,2025-06-15,40569,1.19095466143061,False
2,2025-06-16,27132,-0.8280911819995143,False
2,2025-06-17,25432,-1.0835334632997458,False
2,2025-06-18,26661,-0.8988637199362254,False
2,2025-06-19,27538,-0.7670855548184001,False
2,2025-06-20,33086,0.06655784321317905,False
2,2025-06-21,38395,0.8642890616972551,False
2,2025-06-22,34975,0.3503992957873775,False
2,2025-06-23,27002,-0.8476250035107084,False
2,2025-06-24,26905,-0.8622002395613687,False
2,2025-06-25,28065,-0.6878984476153284,False
2,2025-06-26,27983,-0.7002197811839277,False
2,2025-06-27,34269,0.24431561896504606,False
2,2025-06-28,37935,0.7951693855807218,False
2,2025-06-29,36026,0.5083227296971089,False
2,2025-06-30,31111,-0.2302059835915017,False
2,2025-07-01,32068,-0.08640700523601842,False
2,2025-07-02,32690,0.007054817686772175,False
2,2025-07-03,29034,-0.5422963472741963,False
2,2025-07-04,36103,0.5198927624383547,False
2,2025-07-05,40600,1.1956127265602023,False
2,2025-07-06,37780,0.7718790599327595,False
2,2025-07-07,31815,-0.1244228271001117,False
2,2025-07-08,28960,-0.55341559951903,False
2,2025-07-09,28845,-0.5706955185481632,False
2,2025-07-10,30576,-0.31059517211833926,False
2,2025-07-11,33407,0.11479135632928159,False
2,2025-07-12,39484,1.027922381894874,False
2,2025-07-13,36793,0.6235722766131545,False
2,2025-07-14,30955,-0.2536465694049347,False
2,2025-07-15,30351,-0.3444037093492523,False
2,2025-07-16,30645,-0.3002272207008593,False
2,2025-07-17,29865,-0.41743014976802434,False
2,2025-07-18,34645,0.30081344118203845,False
2,2025-07-19,38968,0.9503881365119802,False
2,2025-07-20,37341,0.7059148472911115,False
2,2025-07-21,32597,-0.006919377702005197,False
2,2025-07-22,30227,-0.3630359698676221,False
2,2025-07-23,31148,-0.2246463574690849,False
2,2025-07-24,29824,-0.42359081655232406,False
2,2025-07-25,34793,0.32305194567170564,False
2,2025-07-26,38817,0.9276988515259008,False
2,2025-07-27,36211,0.5361208603091929,False
2,2025-07-28,29572,-0.4614563782509466,False
2,2025-07-29,28548,-0.6153227876929684,False
2,2025-07-30,29793,-0.4282488816819165,False
2,2025-07-31,31580,-0.15973396598573195,False
2,2025-08-01,38466,0.8749575334456765,False
2,2025-08-02,39996,1.104855586615885,False
2,2025-08-03,36768,0.6198157724763864,False
2,2025-08-04,33066,0.06355263990376456,False
2,2025-08-05,33015,0.055889371464757615,False
2,2025-08-06,32198,-0.06687318372482425,False
2,2025-08-07,33147,0.07572371330689324,False
2,2025-08-08,37192,0.6835260826359736,False
2,2025-08-09,41885,1.3886970391900832,False
2,2025-08-10,38588,0.8932892736331048,False
2,2025-08-11,34632,0.298860059030919,False
2,2025-08-12,34494,0.27812415619595904,False
2,2025-08-13,33691,0.15746524332296732,False
2,2025-08-14,34630,0.2985595386999776,False
2,2025-08-15,38982,0.9524917788285703,False
2,2025-08-16,41691,1.3595465670887628,False
2,2025-08-17,38672,0.9059111275326457,False
2,2025-08-18,34570,0.2895439287717341,False
2,2025-08-19,34499,0.2788754570233127,False
2,2025-08-20,33804,0.1744446420211592,False
2,2025-08-21,34959,0.3479951331398459,False
2,2025-08-22,39209,0.9866008363904247,False
2,2025-08-23,41880,1.3879457383627296,False
2,2025-08-24,38570,0.8905845906546318,False
2,2025-08-25,33566,0.1386827226391268,False
2,2025-08-26,32789,0.021930574068373895,False
2,2025-08-27,31740,-0.13569233951041604,False
2,2025-08-28,32194,-0.06747422438670714,False
2,2025-08-29,37404,0.7153812377157671,False
2,2025-08-30,41457,1.3243856883686134,False
2,2025-08-31,41194,1.2848672648498127,False
2,2025-09-01,33800,0.1738436013592763,False
2,2025-09-02,28848,-0.5702447380517511,False
2,2025-09-03,29340,-0.4963167366401547,False
2,2025-09-04,28163,-0.6731729513991973,False
2,2025-09-05,34261,0.24311353764128027,False
2,2025-09-06,42138,1.4267128610541766,False
2,2025-09-07,39030,0.959704266771165,False
2,2025-09-08,28172,-0.6718206099099608,False
2,2025-09-09,25626,-1.0543829911984253,False
2,2025-09-10,26625,-0.9042730858931715,False
2,2025-09-11,27075,-0.8366560114313455,False
2,2025-09-12,32130,-0.0770908749768335,False
2,2025-09-13,41730,1.365406713542121,False
2,2025-09-14,38538,0.8857762653595687,False
2,2025-09-15,26896,-0.8635525810506052,False
2,2025-09-16,25399,-1.0884920487602796,False
2,2025-09-17,25771,-1.0325952672051701,False
2,2025-09-18,24515,-1.2213220350364,False
2,2025-09-19,30280,-0.3550721810976737,False
2,2025-09-20,41899,1.3908006815066734,False
2,2025-09-21,36709,0.6109504227136137,False
2,2025-09-22,27876,-0.7162976188892952,False
2,2025-09-23,25526,-1.0694090077454976,False
2,2025-09-24,26460,-0.929066013195841,False
2,2025-09-25,28001,-0.6975150982054547,False
2,2025-09-26,37206,0.6856297249525637,False
2,2025-09-27,41502,1.331147395814796,False
2,2025-09-28,38106,0.8208638738762157,False
2,2025-09-29,25149,-1.1260570901279607,False
2,2025-09-30,27122,-0.8295937836542214,False
3,2024-10-01,12090,0.35699657625279196,False
3,2024-10-02,11482,-0.03222399787514739,False
3,2024-10-03,11421,-0.07127408837153604,False
3,2024-10-04,12096,0.3608375687606335,False
3,2024-10-05,13179,1.0541367164260254,False
3,2024-10-06,13378,1.1815296346027688,False
3,2024-10-07,10480,-0.673669746684679,False
3,2024-10-08,12092,0.35827690708873916,False
3,2024-10-09,11303,-0.146813607692419,False
3,2024-10-10,11125,-0.260763052091717,False
3,2024-10-11,14890,2.1494597465788283,False
3,2024-10-12,13215,1.0771826714730746,False
3,2024-10-13,13501,1.2602699810135196,False
3,2024-10-14,10330,-0.7696945593807167,False
3,2024-10-15,9746,-1.14355116347729,False
3,2024-10-16,11187,-0.2210727961773548,False
3,2024-10-17,11159,-0.23899742788061518,False
3,2024-10-18,12662,0.7231711953336822,False
3,2024-10-19,13186,1.0586178743518406,False
3,2024-10-20,13431,1.2154584017553687,False
3,2024-10-21,11006,-0.3369427368305736,False
3,2024-10-22,12891,0.8697690760496332,False
3,2024-10-23,11351,-0.11608566762968696,False
3,2024-10-24,11216,-0.20250799905612085,False
3,2024-10-25,13290,1.1251950778210933,False
3,2024-10-26,13245,1.096387634012282,False
3,2024-10-27,13570,1.304441394853697,False
3,2024-10-28,10651,-0.5642014602111961,False
3,2024-10-29,13195,1.0643793631136027,False
3,2024-10-30,11500,-0.020701020351622867,False
3,2024-10-31,13051,0.9721955429254067,False
3,2024-11-01,13501,1.2602699810135196,False
3,2024-11-02,13243,1.0951073031763348,False
3,2024-11-03,13566,1.3018807331818025,False
3,2024-11-04,10682,-0.5443563322540149,False
3,2024-11-05,13319,1.1437598749423272,False
3,2024-11-06,11455,-0.04950846416043417,False
3,2024-11-07,12005,0.3025825157250373,False
3,2024-11-08,13712,1.395344884205946,False
3,2024-11-09,13244,1.0957474685943085,False
3,2024-11-10,13567,1.3025208985997763,False
3,2024-11-11,10728,-0.5149087230272301,False
3,2024-11-12,13017,0.9504299187143047,False
3,2024-11-13,11693,0.10285090531727893,False
3,2024-11-14,11596,0.04075485977384124,False
3,2024-11-15,13468,1.2391445222203914,False
3,2024-11-16,14816,2.1020875056487833,False
3,2024-11-17,13782,1.4401564634640969,False
3,2024-11-18,10774,-0.4854611138004452,False
3,2024-11-19,13114,1.0125259642577424,False
3,2024-11-20,11511,-0.013659200753913438,False
3,2024-11-21,11707,0.11181322116890911,False
3,2024-11-22,13492,1.2545084922517573,False
3,2024-11-23,16754,3.34272808568159,True
3,2024-11-24,13804,1.4542401026595158,False
3,2024-11-25,11109,-0.27100569877929437,False
3,2024-11-26,13463,1.2359436951305234,False
3,2024-11-27,11606,0.04715651395357708,False
3,2024-11-28,11934,0.2571307710489128,False
3,2024-11-29,18763,4.628820410390521,True
3,2024-11-30,19542,5.127509270991943,True
3,2024-12-01,15571,2.5854123962188393,False
3,2024-12-02,11479,-0.03414449412906814,False
3,2024-12-03,14478,1.8857115943737117,False
3,2024-12-04,13568,1.3031610640177498,False
3,2024-12-05,12526,0.6361086984892748,False
3,2024-12-06,13530,1.2788347781347535,False
3,2024-12-07,15782,2.720487299411266,False
3,2024-12-08,12672,0.7295728495134182,False
3,2024-12-09,12246,0.45686238145667113,False
3,2024-12-10,13376,1.1802493037668216,False
3,2024-12-11,11658,0.08044511568820348,False
3,2024-12-12,11974,0.2827373877678562,False
3,2024-12-13,13850,1.4836877118863006,False
3,2024-12-14,18207,4.272888437997208,True
3,2024-12-15,16355,3.0873020839101297,True
3,2024-12-16,12329,0.5099961111484786,False
3,2024-12-17,15074,2.267250183485968,False
3,2024-12-18,14750,2.0598365880625265,False
3,2024-12-19,14148,1.674457006442429,False
3,2024-12-20,14106,1.6475700588875382,False
3,2024-12-21,15722,2.6820773743328505,False
3,2024-12-22,15816,2.7422529236223676,False
3,2024-12-23,15145,2.3127019281620926,False
3,2024-12-24,11997,0.29746119238124863,False
3,2024-12-25,6242,-3.38669078805673,True
3,2024-12-26,9974,-0.9975934481793127,False
3,2024-12-27,9626,-1.2203710136341201,False
3,2024-12-28,11169,-0.23259577370087933,False
3,2024-12-29,10303,-0.7869790256660034,False
3,2024-12-30,11130,-0.2575622250018491,False
3,2024-12-31,8255,-2.0980378016759045,False
3,2025-01-01,1151,-6.6457729309602485,True
3,2025-01-02,10251,-0.8202676274006299,False
3,2025-01-03,9079,-1.5705414972656708,False
3,2025-01-04,10766,-0.4905824371442339,False
3,2025-01-05,10628,-0.5789252648245885,False
3,2025-01-06,11375,-0.10072169759832092,False
3,2025-01-07,11952,0.2686537485724373,False
3,2025-01-08,11317,-0.13785129184078881,False
3,2025-01-09,10566,-0.6186155207389508,False
3,2025-01-10,10684,-0.5430760014180678,False
3,2025-01-11,12153,0.3973269975851278,False
3,2025-01-12,10133,-0.8958071467215128,False
3,2025-01-13,10540,-0.6352598216062639,False
3,2025-01-14,10840,-0.4432101962141886,False
3,2025-01-15,9974,-0.9975934481793127,False
3,2025-01-16,10591,-0.6026113852896111,False
3,2025-01-17,10747,-0.502745580085732,False
3,2025-01-18,12232,0.447900065605041,False
3,2025-01-19,10287,-0.7972216723535808,False
3,2025-01-20,10431,-0.7050378521653846,False
3,2025-01-21,11248,-0.18202270568096615,False
3,2025-01-22,10054,-0.946380214741426,False
3,2025-01-23,10731,-0.5129882267733094,False
3,2025-01-24,10790,-0.47521846711286786,False
3,2025-01-25,11816,0.1815912517280298,False
3,2025-01-26,10720,-0.5200300463710188,False
3,2025-01-27,10351,-0.7562510856032714,False
3,2025-01-28,10271,-0.8074643190411581,False
3,2025-01-29,9749,-1.1416306672233694,False
3,2025-01-30,10032,-0.9604638539368449,False
3,2025-01-31,11084,-0.287009834228634,False
3,2025-02-01,12584,0.6732382927317427,False
3,2025-02-02,10940,-0.3791936544168302,False
3,2025-02-03,10309,-0.783138033158162,False
3,2025-02-04,9932,-1.0244803957342032,False
3,2025-02-05,10581,-0.609013039469347,False
3,2025-02-06,9685,-1.1826012539736788,False
3,2025-02-07,10244,-0.8247487853264449,False
3,2025-02-08,12118,0.3749212079560523,False
3,2025-02-09,9876,-1.060329659140724,False
3,2025-02-10,9399,-1.3656885635141238,False
3,2025-02-11,9452,-1.3317597963615238,False
3,2025-02-12,9657,-1.200525885676939,False
3,2025-02-13,10968,-0.3612690227135698,False
3,2025-02-14,11776,0.15598463500908644,False
3,2025-02-15,11823,0.18607240965384492,False
3,2025-02-16,10786,-0.4777791287847622,False
3,2025-02-17,9717,-1.162115960598524,False
3,2025-02-18,9793,-1.1134633888325316,False
3,2025-02-19,9850,-1.0769739600080372,False
3,2025-02-20,10361,-0.7498494314235356,False
3,2025-02-21,10864,-0.4278462261828226,False
3,2025-02-22,11423,-0.06999375753558887,False
3,2025-02-23,10382,-0.7364059576460903,False
3,2025-02-24,9673,-1.1902832389893616,False
3,2025-02-25,10179,-0.8663595374947279,False
3,2025-02-26,10066,-0.938698229725743,False
3,2025-02-27,10101,-0.9162924400966675,False
3,2025-02-28,10864,-0.4278462261828226,False
3,2025-03-01,10729,-0.5142685576092565,False
3,2025-03-02,9050,-1.5891062943869048,False
3,2025-03-03,8907,-1.6806499491571274,False
3,2025-03-04,10722,-0.5187497155350715,False
3,2025-03-05,9948,-1.014237749046626,False
3,2025-03-06,10133,-0.8958071467215128,False
3,2025-03-07,10487,-0.6691885887588639,False
3,2025-03-08,12436,0.5784938108716522,False
3,2025-03-09,10100,-0.9169326055146411,False
3,2025-03-10,10097,-0.9188531017685618,False
3,2025-03-11,10107,-0.912451447588826,False
3,2025-03-12,10194,-0.8567570562251242,False
3,2025-03-13,10112,-0.9092506204989581,False
3,2025-03-14,10404,-0.7223223184506714,False
3,2025-03-15,12316,0.5016739607148221,False
3,2025-03-16,11284,-0.1589767506339171,False
3,2025-03-17,10158,-0.8798030112721732,False
3,2025-03-18,10488,-0.6685484233408904,False
3,2025-03-19,10825,-0.4528126774837924,False
3,2025-03-20,10589,-0.6038917161255584,False
3,2025-03-21,11230,-0.19354568320449067,False
3,2025-03-22,12415,0.5650503370942069,False
3,2025-03-23,11218,-0.20122766822017368,False
3,2025-03-24,11828,0.18927323674371282,False
3,2025-03-25,12176,0.41205080219852025,False
3,2025-03-26,11136,-0.25372123249400763,False
3,2025-03-27,11185,-0.22235312701330198,False
3,2025-03-28,11121,-0.26332371376361136,False
3,2025-03-29,12862,0.8512042789283992,False
3,2025-03-30,11424,-0.06935359211761528,False
3,2025-03-31,11071,-0.2953319846622906,False
3,2025-04-01,11401,-0.08407739673100773,False
3,2025-04-02,11075,-0.29277132299039627,False
3,2025-04-03,11547,0.009386754293135601,False
3,2025-04-04,11931,0.25521027479499203,False
3,2025-04-05,13367,1.1744878150050593,False
3,2025-04-06,11397,-0.08663805840290206,False
3,2025-04-07,11174,-0.2293949466110114,False
3,2025-04-08,11488,-0.02838300536730588,False
3,2025-04-09,11190,-0.21915229992343405,False
3,2025-04-10,10615,-0.5872474152582451,False
3,2025-04-11,11501,-0.020060854933649282,False
3,2025-04-12,12680,0.7346941728572068,False
3,2025-04-13,10242,-0.8260291161623922,False
3,2025-04-14,11169,-0.23259577370087933,False
3,2025-04-15,12053,0.33331045578776936,False
3,2025-04-16,11852,0.20463720677507885,False
3,2025-04-17,11605,0.0465163485356035,False
3,2025-04-18,10692,-0.5379546780742791,False
3,2025-04-19,10810,-0.46241515875339617,False
3,2025-04-20,10275,-0.8049036573692638,False
3,2025-04-21,11517,-0.009818208246071932,False
3,2025-04-22,11037,-0.3170976088733925,False
3,2025-04-23,11724,0.12269603327446005,False
3,2025-04-24,10615,-0.5872474152582451,False
3,2025-04-25,11501,-0.020060854933649282,False
3,2025-04-26,12736,0.7705434362637276,False
3,2025-04-27,11902,0.2366454776737581,False
3,2025-04-28,10529,-0.6423016412039734,False
3,2025-04-29,12162,0.40308848634689004,False
3,2025-04-30,11982,0.28785871111164485,False
3,2025-05-01,13006,0.9433880991165954,False
3,2025-05-02,12985,0.92994462533915,False
3,2025-05-03,12629,0.702045736540554,False
3,2025-05-04,11717,0.11821487534864496,False
3,2025-05-05,12309,0.49719280278900696,False
3,2025-05-06,12348,0.5221592540899768,False
3,2025-05-07,12095,0.36019740334265987,False
3,2025-05-08,12095,0.36019740334265987,False
3,2025-05-09,12838,0.8358403088970331,False
3,2025-05-10,13153,1.0374924155587122,False
3,2025-05-11,10962,-0.3651100152214113,False
3,2025-05-12,11215,-0.20314816447409445,False
3,2025-05-13,11908,0.2404864701815996,False
3,2025-05-14,11203,-0.21083014948977746,False
3,2025-05-15,12089,0.3563564108348184,False
3,2025-05-16,11825,0.18735274048979209,False
3,2025-05-17,13011,0.9465889262064633,False
3,2025-05-18,11967,0.27825622984204107,False
3,2025-05-19,11312,-0.14105211893065675,False
3,2025-05-20,12134,0.3851638546436297,False
3,2025-05-21,11408,-0.07959623880519263,False
3,2025-05-22,11592,0.0381941981019469,False
3,2025-05-23,11946,0.2648127560645958,False
3,2025-05-24,11898,0.23408481600186376,False
3,2025-05-25,10410,-0.71848132594283,False
3,2025-05-26,11456,-0.048868298742460584,False
3,2025-05-27,11184,-0.22299329243127555,False
3,2025-05-28,12309,0.49719280278900696,False
3,2025-05-29,11637,0.0670016419107582,False
3,2025-05-30,12106,0.3672392229403693,False
3,2025-05-31,12565,0.6610751497902446,False
3,2025-06-01,14320,1.7845654583338852,False
3,2025-06-02,11721,0.1207755370205393,False
3,2025-06-03,11750,0.13934033414177324,False
3,2025-06-04,12024,0.31474565866653537,False
3,2025-06-05,11425,-0.0687134266996417,False
3,2025-06-06,12062,0.3390719445495316,False
3,2025-06-07,12632,0.7039662327944748,False
3,2025-06-08,11882,0.2238421693142864,False
3,2025-06-09,11602,0.044595852281682745,False
3,2025-06-10,11762,0.14702231915745625,False
3,2025-06-11,12323,0.5061551186406371,False
3,2025-06-12,11054,-0.3062147967678415,False
3,2025-06-13,11767,0.1502231462473242,False
3,2025-06-14,12713,0.755819631650335,False
3,2025-06-15,10021,-0.9675056735345543,False
3,2025-06-16,10672,-0.5507579864337508,False
3,2025-06-17,12563,0.6597948189542974,False
3,2025-06-18,11775,0.15534446959111287,False
3,2025-06-19,11785,0.1617461237708487,False
3,2025-06-20,11613,0.05163767187939218,False
3,2025-06-21,12262,0.4671050281442485,False
3,2025-06-22,10305,-0.7856986948300563,False
3,2025-06-23,10963,-0.3644698498034377,False
3,2025-06-24,11446,-0.05526995292219643,False
3,2025-06-25,11360,-0.1103241788679247,False
3,2025-06-26,11513,-0.01237886991796627,False
3,2025-06-27,11113,-0.26844503710740003,False
3,2025-06-28,11816,0.1815912517280298,False
3,2025-06-29,10143,-0.889405492541777,False
3,2025-06-30,10976,-0.35614769936978113,False
3,2025-07-01,11728,0.12525669494635439,False
3,2025-07-02,11280,-0.16153741230581145,False
3,2025-07-03,11917,0.24624795894336185,False
3,2025-07-04,11787,0.16302645460679588,False
3,2025-07-05,12377,0.5407240512112107,False
3,2025-07-06,10533,-0.6397409795320791,False
3,2025-07-07,11718,0.11885504076661854,False
3,2025-07-08,11608,0.04843684478952425,False
3,2025-07-09,11173,-0.230035112028985,False
3,2025-07-10,11642,0.07020246900062613,False
3,2025-07-11,11190,-0.21915229992343405,False
3,2025-07-12,11248,-0.18202270568096615,False
3,2025-07-13,9697,-1.1749192689579957,False
3,2025-07-14,10869,-0.4246453990929547,False
3,2025-07-15,10986,-0.34974604519004526,False
3,2025-07-16,10126,-0.9002883046473279,False
3,2025-07-17,11127,-0.2594827212557699,False
3,2025-07-18,10970,-0.3599886918776226,False
3,2025-07-19,11415,-0.07511508087937754,False
3,2025-07-20,10070,-0.9361375680538486,False
3,2025-07-21,10742,-0.5059464071755999,False
3,2025-07-22,10773,-0.4861012792184188,False
3,2025-07-23,10441,-0.6986361979856488,False
3,2025-07-24,10762,-0.4931430988161282,False
3,2025-07-25,10858,-0.4316872186906641,False
3,2025-07-26,10535,-0.6384606486961318,False
3,2025-07-27,9985,-0.9905516285816033,False
3,2025-07-28,10935,-0.3823944815066981,False
3,2025-07-29,10750,-0.5008250838318112,False
3,2025-07-30,10711,-0.525791535132781,False
3,2025-07-31,11039,-0.3158172780374453,False
3,2025-08-01,11936,0.25841110188485994,False
3,2025-08-02,12340,0.5170379307461881,False
3,2025-08-03,10774,-0.4854611138004452,False
3,2025-08-04,11149,-0.24539908206035102,False
3,2025-08-05,11377,-0.09944136676237375,False
3,2025-08-06,11052,-0.3074951276037887,False
3,2025-08-07,11492,-0.025822343695411542,False
3,2025-08-08,10489,-0.6679082579229167,False
3,2025-08-09,10680,-0.5456366630899622,False
3,2025-08-10,9011,-1.6140727456878745,False
3,2025-08-11,11586,0.034353205594105395,False
3,2025-08-12,10302,-0.787619191083977,False
3,2025-08-13,10062,-0.9412588913976373,False
3,2025-08-14,11274,-0.16537840481365296,False
3,2025-08-15,11114,-0.26780487168942646,False
3,2025-08-16,11889,0.2283233272401015,False
3,2025-08-17,11130,-0.2575622250018491,False
3,2025-08-18,10379,-0.7383264539000111,False
3,2025-08-19,11164,-0.23579660079074724,False
3,2025-08-20,10698,-0.5341136855664376,False
3,2025-08-21,11404,-0.08215690047708697,False
3,2025-08-22,11170,-0.23195560828290573,False
3,2025-08-23,12970,0.9203421440695463,False
3,2025-08-24,10758,-0.49570376048802256,False
3,2025-08-25,10965,-0.3631895189674906,False
3,2025-08-26,11177,-0.22747445035709066,False
3,2025-08-27,10504,-0.658305776653313,False
3,2025-08-28,10131,-0.89708747755746,False
3,2025-08-29,11485,-0.030303501621226636,False
3,2025-08-30,12981,0.9273839636672557,False
3,2025-08-31,12053,0.33331045578776936,False
3,2025-09-01,11405,-0.08151673505911339,False
3,2025-09-02,11455,-0.04950846416043417,False
3,2025-09-03,10690,-0.5392350089102262,False
3,2025-09-04,10122,-0.9028489663192223,False
3,2025-09-05,10813,-0.4604946624994754,False
3,2025-09-06,12991,0.9337856178469915,False
3,2025-09-07,11014,-0.3318214134867849,False
3,2025-09-08,11294,-0.15257509645418127,False
3,2025-09-09,9577,-1.2517391191148257,False
3,2025-09-10,10067,-0.9380580643077694,False
3,2025-09-11,10054,-0.946380214741426,False
3,2025-09-12,10305,-0.7856986948300563,False
3,2025-09-13,11761,0.14638215373948268,False
3,2025-09-14,10804,-0.46625615126123765,False
3,2025-09-15,10216,-0.8426734170297053,False
3,2025-09-16,10378,-0.7389666193179847,False
3,2025-09-17,10190,-0.8593177178970185,False
3,2025-09-18,10409,-0.7191214913608035,False
3,2025-09-19,10681,-0.5449964976719885,False
3,2025-09-20,12559,0.6572341572824031,False
3,2025-09-21,11657,0.0798049502702299,False
3,2025-09-22,11219,-0.2005875028022001,False
3,2025-09-23,12267,0.47030585523411644,False
3,2025-09-24,11250,-0.18074237484501898,False
3,2025-09-25,10967,-0.3619091881315434,False
3,2025-09-26,11492,-0.025822343695411542,False
3,2025-09-27,11718,0.11885504076661854,False
3,2025-09-28,11034,-0.3190181051273132,False
3,2025-09-29,10572,-0.6147745282311092,False
3,2025-09-30,11768,0.15086331166529776,False
4,2024-10-01,16681,-0.7858994631341713,False
4,2024-10-02,17957,-0.6096992208222588,False
4,2024-10-03,18092,-0.5910573456560299,False
4,2024-10-04,23929,0.2149621013460338,False
4,2024-10-05,24330,0.2703353749879436,False
4,2024-10-06,17165,-0.7190648884641355,False
4,2024-10-07,15532,-0.9445625339934091,False
4,2024-10-08,16842,-0.7636673008988908,False
4,2024-10-09,16990,-0.743230282198136,False
4,2024-10-10,19060,-0.4573881963159583,False
4,2024-10-11,19541,-0.39096788553850537,False
4,2024-10-12,26909,0.6264642346450143,False
4,2024-10-13,20249,-0.2932016068889489,False
4,2024-10-14,13539,-1.2197718466326266,False
4,2024-10-15,18414,-0.5465930211854688,False
4,2024-10-16,17819,-0.6287553598810707,False
4,2024-10-17,20618,-0.24224714810125636,False
4,2024-10-18,22337,-0.004873937651273942,False
4,2024-10-19,28867,0.8968404685374318,False
4,2024-10-20,16348,-0.8318827552108694,False
4,2024-10-21,17032,-0.7374305877019759,False
4,2024-10-22,16334,-0.8338159867095895,False
4,2024-10-23,19312,-0.4225900293389975,False
4,2024-10-24,20056,-0.3198525839784466,False
4,2024-10-25,23472,0.15185590170924382,False
4,2024-10-26,18998,-0.4659496500960042,False
4,2024-10-27,19872,-0.3452607693901958,False
4,2024-10-28,20511,-0.2570225602700453,False
4,2024-10-29,19262,-0.4294944275487119,False
4,2024-10-30,18023,-0.6005854151854357,False
4,2024-10-31,20808,-0.2160104349043415,False
4,2024-11-01,23715,0.185411277008456,False
4,2024-11-02,31343,1.2387462678824908,False
4,2024-11-03,24663,0.31631866706464173,False
4,2024-11-04,18170,-0.5802864844488753,False
4,2024-11-05,20057,-0.31971449601425234,False
4,2024-11-06,23538,0.1609697073460669,False
4,2024-11-07,24219,0.25500761096237756,False
4,2024-11-08,31120,1.2079526518671644,False
4,2024-11-09,35193,1.7703849300305026,False
4,2024-11-10,30558,1.1303472159899741,False
4,2024-11-11,22947,0.07935972050724222,False
4,2024-11-12,23454,0.14937031835374662,False
4,2024-11-13,23453,0.14923223038955233,False
4,2024-11-14,27877,0.7601333839850859,False
4,2024-11-15,31313,1.2346036289566622,False
4,2024-11-16,38585,2.2387793045775304,False
4,2024-11-17,33092,1.480262117258302,False
4,2024-11-18,23581,0.1669074898064213,False
4,2024-11-19,24546,0.30016237525391,False
4,2024-11-20,24666,0.3167329309572246,False
4,2024-11-21,25708,0.46062058964767355,False
4,2024-11-22,31926,1.3192515510077611,False
4,2024-11-23,42750,2.813915675446743,False
4,2024-11-24,36917,2.0084485803014567,False
4,2024-11-25,24356,0.2739256620569951,False
4,2024-11-26,24782,0.3327511348037621,False
4,2024-11-27,27669,0.7314110874326738,False
4,2024-11-28,32846,1.446292478066507,False
4,2024-11-29,48296,3.5797515248682683,True
4,2024-11-30,54116,4.383423476479029,True
4,2024-12-01,43452,2.910853426311134,False
4,2024-12-02,28355,0.8261394308699559,False
4,2024-12-03,29317,0.9589800524248617,False
4,2024-12-04,28750,0.8806841767267,False
4,2024-12-05,30731,1.1542364337955862,False
4,2024-12-06,37214,2.04946070566716,False
4,2024-12-07,46245,3.296533110305782,True
4,2024-12-08,41148,2.592698756807492,False
4,2024-12-09,28801,0.8877266629006088,False
4,2024-12-10,29750,1.018772140920989,False
4,2024-12-11,30839,1.1691499339285694,False
4,2024-12-12,33138,1.486614163611239,False
4,2024-12-13,34868,1.7255063416673588,False
4,2024-12-14,52698,4.187614743251528,True
4,2024-12-15,47861,3.519683260443753,True
4,2024-12-16,36267,1.9186914035751688,False
4,2024-12-17,35508,1.8138826387517035,False
4,2024-12-18,40057,2.4420447878715232,False
4,2024-12-19,42093,2.7231918829710953,False
4,2024-12-20,44270,3.023809381022062,True
4,2024-12-21,54077,4.378038045875452,True
4,2024-12-22,51841,4.069273357937022,True
4,2024-12-23,52169,4.114566210192749,True
4,2024-12-24,40861,2.5530675110837313,False
4,2024-12-25,35842,1.8600040187925961,False
4,2024-12-26,34430,1.6650238133502602,False
4,2024-12-27,38260,2.193900716214386,False
4,2024-12-28,46002,3.26297773500657,True
4,2024-12-29,41140,2.591594053093938,False
4,2024-12-30,45017,3.1269610902751954,True
4,2024-12-31,25256,0.398204829831855,False
4,2025-01-01,4866,-2.4174087600896934,False
4,2025-01-02,22518,0.02011998386789233,False
4,2025-01-03,22737,0.05036124802644157,False
4,2025-01-04,22659,0.039590386819287046,False
4,2025-01-05,20520,-0.2557797685922967,False
4,2025-01-06,18978,-0.46871140937989,False
4,2025-01-07,16645,-0.7908706298451657,False
4,2025-01-08,15836,-0.9025837928783453,False
4,2025-01-09,18763,-0.49840032168166204,False
4,2025-01-10,21106,-0.17486022157444342,False
4,2025-01-11,25499,0.43176020513106717,False
4,2025-01-12,21316,-0.14586174909364277,False
4,2025-01-13,17030,-0.7377067636303645,False
4,2025-01-14,17526,-0.6692151333899973,False
4,2025-01-15,18571,-0.5249132108069655,False
4,2025-01-16,19225,-0.4346036822239006,False
4,2025-01-17,20086,-0.315709945052618,False
4,2025-01-18,25853,0.4806433444558454,False
4,2025-01-19,20460,-0.26406504644395395,False
4,2025-01-20,17747,-0.6386976933030595,False
4,2025-01-21,17093,-0.7290072218861243,False
4,2025-01-22,17690,-0.6465687072621339,False
4,2025-01-23,17691,-0.6464306192979397,False
4,2025-01-24,20210,-0.2985870374925262,False
4,2025-01-25,24456,0.287734458476424,False
4,2025-01-26,19222,-0.4350179461164835,False
4,2025-01-27,17087,-0.7298357496712901,False
4,2025-01-28,17221,-0.7113319624692553,False
4,2025-01-29,17263,-0.7055322679730952,False
4,2025-01-30,18921,-0.4765824233389644,False
4,2025-01-31,23224,0.1176100865890602,False
4,2025-02-01,26209,0.5298026597090122,False
4,2025-02-02,24293,0.2652261203127549,False
4,2025-02-03,17613,-0.6572014805050942,False
4,2025-02-04,18229,-0.5721392945614122,False
4,2025-02-05,18229,-0.5721392945614122,False
4,2025-02-06,17715,-0.6431165081572767,False
4,2025-02-07,22090,-0.03898166480726327,False
4,2025-02-08,25012,0.36451136656844857,False
4,2025-02-09,21575,-0.110096966367322,False
4,2025-02-10,17377,-0.6897902400549463,False
4,2025-02-11,18244,-0.5700679750984979,False
4,2025-02-12,19710,-0.3676310195896706,False
4,2025-02-13,23696,0.1827876056887645,False
4,2025-02-14,29725,1.0153199418161316,False
4,2025-02-15,26999,0.6388921514225003,False
4,2025-02-16,22369,-0.00045512279705670067,False
4,2025-02-17,18808,-0.49218636329291904,False
4,2025-02-18,19733,-0.36445499641320195,False
4,2025-02-19,18679,-0.5099997106739823,False
4,2025-02-20,20164,-0.3049390838454635,False
4,2025-02-21,22158,-0.029591683242051633,False
4,2025-02-22,24400,0.2800015324815438,False
4,2025-02-23,19935,-0.3365612276459556,False
4,2025-02-24,17233,-0.7096749068989239,False
4,2025-02-25,18181,-0.5787675168427381,False
4,2025-02-26,18067,-0.594509544760887,False
4,2025-02-27,20404,-0.27179797243883413,False
4,2025-02-28,22536,0.022605567223389526,False
4,2025-03-01,23502,0.15599854063507249,False
4,2025-03-02,17678,-0.6482257628324654,False
4,2025-03-03,17587,-0.6607917675741456,False
4,2025-03-04,18670,-0.5112425023517309,False
4,2025-03-05,17716,-0.6429784201930824,False
4,2025-03-06,20858,-0.20910603669462705,False
4,2025-03-07,21606,-0.10581623947729904,False
4,2025-03-08,26634,0.5884900444915849,False
4,2025-03-09,19773,-0.3589314778454304,False
4,2025-03-10,18481,-0.5373411275844515,False
4,2025-03-11,18328,-0.5584685861061777,False
4,2025-03-12,18003,-0.6033471744693215,False
4,2025-03-13,19618,-0.3803351122955451,False
4,2025-03-14,23899,0.21081946242020513,False
4,2025-03-15,26928,0.6290879059647059,False
4,2025-03-16,21613,-0.10484962372793902,False
4,2025-03-17,19186,-0.4399891128274779,False
4,2025-03-18,19803,-0.3547888389196017,False
4,2025-03-19,20891,-0.2045491338762155,False
4,2025-03-20,21831,-0.07474644753358406,False
4,2025-03-21,21751,-0.08579348466912717,False
4,2025-03-22,26106,0.5155795993970005,False
4,2025-03-23,23068,0.09606836417475116,False
4,2025-03-24,19010,-0.46429259452567273,False
4,2025-03-25,19038,-0.46042613152823264,False
4,2025-03-26,19223,-0.4348798581522892,False
4,2025-03-27,21112,-0.17403169378927769,False
4,2025-03-28,22586,0.029509965433103965,False
4,2025-03-29,26341,0.5480302709826583,False
4,2025-03-30,22005,-0.050719141763777814,False
4,2025-03-31,18939,-0.47409683998346724,False
4,2025-04-01,19248,-0.43142765904743197,False
4,2025-04-02,19258,-0.4300467794054891,False
4,2025-04-03,21422,-0.13122442488904817,False
4,2025-04-04,22380,0.001063844809080476,False
4,2025-04-05,26955,0.6328162809979516,False
4,2025-04-06,22566,0.02674820614921819,False
4,2025-04-07,17928,-0.6137037717838931,False
4,2025-04-08,18277,-0.5655110722800863,False
4,2025-04-09,19163,-0.4431651360039465,False
4,2025-04-10,20312,-0.2845020651447087,False
4,2025-04-11,21221,-0.15898010569210022,False
4,2025-04-12,26875,0.6217692438624085,False
4,2025-04-13,18023,-0.6005854151854357,False
4,2025-04-14,18082,-0.5924382252979727,False
4,2025-04-15,20064,-0.3187478802648923,False
4,2025-04-16,20669,-0.23520466192734762,False
4,2025-04-17,23244,0.12037184587294598,False
4,2025-04-18,22701,0.045390081315447174,False
4,2025-04-19,23499,0.15558427674248962,False
4,2025-04-20,19766,-0.3598980935947904,False
4,2025-04-21,18508,-0.5336127525512057,False
4,2025-04-22,19634,-0.3781257048684365,False
4,2025-04-23,20212,-0.2983108615641376,False
4,2025-04-24,20312,-0.2845020651447087,False
4,2025-04-25,21221,-0.15898010569210022,False
4,2025-04-26,26277,0.5391926412742238,False
4,2025-04-27,23011,0.08819735021567669,False
4,2025-04-28,17709,-0.6439450359424425,False
4,2025-04-29,19723,-0.36583587605514484,False
4,2025-04-30,21011,-0.18797857817290087,False
4,2025-05-01,22226,-0.020201701676839996,False
4,2025-05-02,24955,0.3566403526093741,False
4,2025-05-03,24914,0.35097874607740825,False
4,2025-05-04,21241,-0.15621834640821444,False
4,2025-05-05,17192,-0.7153365134308897,False
4,2025-05-06,18154,-0.5824958918759839,False
4,2025-05-07,21994,-0.05223810936991499,False
4,2025-05-08,19472,-0.4004959550679113,False
4,2025-05-09,22695,0.04456155353028144,False
4,2025-05-10,28505,0.8468526254990992,False
4,2025-05-11,23926,0.21454783745345093,False
4,2025-05-12,15485,-0.9510526683105407,False
4,2025-05-13,15073,-1.0079449095585877,False
4,2025-05-14,15438,-0.9575428026276722,False
4,2025-05-15,17493,-0.6737720362084088,False
4,2025-05-16,20292,-0.2872638244285945,False
4,2025-05-17,25371,0.41408494571419824,False
4,2025-05-18,20644,-0.23865686103220485,False
4,2025-05-19,16426,-0.8211118940037149,False
4,2025-05-20,16938,-0.750410856336239,False
4,2025-05-21,15931,-0.8894654362798878,False
4,2025-05-22,21998,-0.05168575751313784,False
4,2025-05-23,20929,-0.19930179123683253,False
4,2025-05-24,26311,0.5438876320568297,False
4,2025-05-25,23631,0.17381188801613573,False
4,2025-05-26,16653,-0.7897659261316113,False
4,2025-05-27,16080,-0.8688903296149388,False
4,2025-05-28,16853,-0.7621483332927537,False
4,2025-05-29,17708,-0.6440831239066367,False
4,2025-05-30,21421,-0.13136251285324246,False
4,2025-05-31,27242,0.6724475267217125,False
4,2025-06-01,30958,1.1855824016676897,False
4,2025-06-02,17108,-0.7269359024232099,False
4,2025-06-03,16573,-0.8008129632671545,False
4,2025-06-04,17280,-0.7031847725817924,False
4,2025-06-05,18578,-0.5239465950576054,False
4,2025-06-06,20906,-0.20247781441330118,False
4,2025-06-07,25573,0.44197871448144455,False
4,2025-06-08,18297,-0.5627493129962006,False
4,2025-06-09,15624,-0.9318584412875345,False
4,2025-06-10,15483,-0.9513288442389293,False
4,2025-06-11,16468,-0.8153121995075548,False
4,2025-06-12,19481,-0.3992531633901627,False
4,2025-06-13,22278,-0.013021127538736979,False
4,2025-06-14,28073,0.7871986249671665,False
4,2025-06-15,21565,-0.11147784600926489,False
4,2025-06-16,16517,-0.8085458892620346,False
4,2025-06-17,16173,-0.85604814894487,False
4,2025-06-18,16950,-0.7487538007659076,False
4,2025-06-19,18241,-0.5704822389910807,False
4,2025-06-20,19759,-0.36086470934415044,False
4,2025-06-21,24765,0.3304036394124592,False
4,2025-06-22,19320,-0.4214853256254432,False
4,2025-06-23,16008,-0.8788326630369276,False
4,2025-06-24,15609,-0.9339297607504489,False
4,2025-06-25,16849,-0.7627006851495308,False
4,2025-06-26,20130,-0.3096340746280693,False
4,2025-06-27,22303,-0.00956892843387976,False
4,2025-06-28,26914,0.6271546744659858,False
4,2025-06-29,22545,0.023848358901138126,False
4,2025-06-30,17944,-0.6114943643567845,False
4,2025-07-01,18354,-0.5548782990371262,False
4,2025-07-02,18546,-0.5283654099118227,False
4,2025-07-03,19886,-0.34332753789147574,False
4,2025-07-04,21095,-0.1763791891805806,False
4,2025-07-05,26463,0.5648770026143616,False
4,2025-07-06,22547,0.024124534829526704,False
4,2025-07-07,16783,-0.7718144907863538,False
4,2025-07-08,16548,-0.8042651623720117,False
4,2025-07-09,16858,-0.7614578934717822,False
4,2025-07-10,17743,-0.6392500451598366,False
4,2025-07-11,20029,-0.3235809590116924,False
4,2025-07-12,25823,0.4765007055300167,False
4,2025-07-13,21604,-0.10609241540568762,False
4,2025-07-14,16390,-0.8260830607147093,False
4,2025-07-15,17367,-0.6911711196968892,False
4,2025-07-16,17987,-0.6055565818964301,False
4,2025-07-17,18494,-0.5355459840499257,False
4,2025-07-18,21024,-0.1861834346383751,False
4,2025-07-19,25365,0.4132564179290325,False
4,2025-07-20,21662,-0.09808331348241887,False
4,2025-07-21,17114,-0.7261073746380442,False
4,2025-07-22,16990,-0.743230282198136,False
4,2025-07-23,18344,-0.556259178679069,False
4,2025-07-24,19824,-0.35188899167152166,False
4,2025-07-25,21348,-0.14144293423942556,False
4,2025-07-26,23258,0.12230507737166603,False
4,2025-07-27,19738,-0.3637645565922305,False
4,2025-07-28,16170,-0.8564624128374528,False
4,2025-07-29,16116,-0.8639191629039444,False
4,2025-07-30,17077,-0.731216629313233,False
4,2025-07-31,19023,-0.462497450991147,False
4,2025-08-01,22096,-0.038153137022097536,False
4,2025-08-02,25709,0.46075867761186784,False
4,2025-08-03,21042,-0.1836978512828779,False
4,2025-08-04,17448,-0.6799859945971518,False
4,2025-08-05,17260,-0.7059465318656781,False
4,2025-08-06,17766,-0.6360740219833679,False
4,2025-08-07,19190,-0.4394367609707007,False
4,2025-08-08,21186,-0.16381318443890033,False
4,2025-08-09,25704,0.4600682377908964,False
4,2025-08-10,21479,-0.12335341092997372,False
4,2025-08-11,22323,-0.006807169149993984,False
4,2025-08-12,16623,-0.79390856505744,False
4,2025-08-13,16984,-0.7440588099833018,False
4,2025-08-14,17940,-0.6120467162135617,False
4,2025-08-15,21010,-0.18811666613709516,False
4,2025-08-16,26003,0.5013565390849887,False
4,2025-08-17,20558,-0.2505324259529137,False
4,2025-08-18,16390,-0.8260830607147093,False
4,2025-08-19,16659,-0.7889373983464456,False
4,2025-08-20,17251,-0.7071893235434267,False
4,2025-08-21,17756,-0.6374549016253108,False
4,2025-08-22,20452,-0.26516975015750827,False
4,2025-08-23,23641,0.17519276765807862,False
4,2025-08-24,18666,-0.511794854208508,False
4,2025-08-25,15324,-0.9732848305458212,False
4,2025-08-26,15540,-0.9434578302798547,False
4,2025-08-27,15454,-0.9553333952005636,False
4,2025-08-28,17105,-0.7273501663157929,False
4,2025-08-29,21955,-0.057623539973492253,False
4,2025-08-30,26380,0.5534157015862355,False
4,2025-08-31,21866,-0.06991336878678396,False
4,2025-09-01,16559,-0.8027461947658745,False
4,2025-09-02,16295,-0.8392014173131668,False
4,2025-09-03,17691,-0.6464306192979397,False
4,2025-09-04,18239,-0.5707584149194693,False
4,2025-09-05,20826,-0.2135248515488443,False
4,2025-09-06,25986,0.4990090436936858,False
4,2025-09-07,20917,-0.200958846807164,False
4,2025-09-08,15565,-0.9400056311749976,False
4,2025-09-09,17186,-0.7161650412160554,False
4,2025-09-10,16915,-0.7535868795127078,False
4,2025-09-11,18096,-0.5905049937992527,False
4,2025-09-12,19440,-0.40491476992212855,False
4,2025-09-13,25430,0.42223213560166123,False
4,2025-09-14,19344,-0.4181712144847803,False
4,2025-09-15,15304,-0.9760465898297069,False
4,2025-09-16,16037,-0.8748281120752932,False
4,2025-09-17,16593,-0.7980512039832687,False
4,2025-09-18,16520,-0.8081316253694518,False
4,2025-09-19,19014,-0.4637402426688956,False
4,2025-09-20,23586,0.16759792962739276,False
4,2025-09-21,19369,-0.41471901537992306,False
4,2025-09-22,14600,-1.0732605166224862,False
4,2025-09-23,14926,-1.0282438402951481,False
4,2025-09-24,15723,-0.9181877328322999,False
4,2025-09-25,16672,-0.7871422548119199,False
4,2025-09-26,20832,-0.21269632376367856,False
4,2025-09-27,23584,0.16732175369900418,False
4,2025-09-28,19285,-0.4263184043722433,False
4,2025-09-29,15212,-0.9887506825355815,False
4,2025-09-30,17280,-0.7031847725817924,False
5,2024-10-01,28870,-1.5563941879172032,False
5,2024-10-02,26260,-1.9479324252093853,False
5,2024-10-03,25768,-2.0217396331587163,False
5,2024-10-04,29297,-1.492337932237601,False
5,2024-10-05,35788,-0.5185928371174654,False
5,2024-10-06,30284,-1.3442734723880287,False
5,2024-10-07,29017,-1.534342034322586,False
5,2024-10-08,26569,-1.9015778982655982,False
5,2024-10-09,21702,-2.6316992012928204,False
5,2024-10-10,21791,-2.6183478974158074,False
5,2024-10-11,27717,-1.7293610797171595,False
5,2024-10-12,42073,0.4242492400401455,False
5,2024-10-13,34665,-0.6870592894083162,False
5,2024-10-14,25817,-2.0143889152938437,False
5,2024-10-15,23270,-2.3964762296169044,False
5,2024-10-16,23274,-2.3958761710156904,False
5,2024-10-17,26444,-1.920329729553538,False
5,2024-10-18,40366,0.16817423197204023,False
5,2024-10-19,46370,1.0688621923943626,False
5,2024-10-20,34661,-0.6876593480095302,False
5,2024-10-21,34897,-0.6522558905379,False
5,2024-10-22,31414,-1.1747569175450534,False
5,2024-10-23,33081,-0.9246824954890888,False
5,2024-10-24,32545,-1.0050903480517743,False
5,2024-10-25,34999,-0.6369543962069412,False
5,2024-10-26,43996,0.7127274125738108,False
5,2024-10-27,36002,-0.4864897019525125,False
5,2024-10-28,33910,-0.8003203503874723,False
5,2024-10-29,31157,-1.2133106826730575,False
5,2024-10-30,38896,-0.05234730397413129,False
5,2024-10-31,48013,1.3153362628430427,False
5,2024-11-01,33394,-0.8777279099440876,False
5,2024-11-02,33144,-0.9152315725199671,False
5,2024-11-03,28865,-1.5571442611687207,False
5,2024-11-04,35699,-0.5319441409944785,False
5,2024-11-05,31857,-1.1083004274605948,False
5,2024-11-06,30665,-1.2871178906223883,False
5,2024-11-07,30139,-1.3660255966820387,False
5,2024-11-08,31527,-1.1578052620607557,False
5,2024-11-09,34647,-0.6897595531137795,False
5,2024-11-10,34250,-0.7493153692842761,False
5,2024-11-11,34109,-0.7704674349770722,False
5,2024-11-12,29435,-1.4716359104957155,False
5,2024-11-13,31037,-1.2313124407094795,False
5,2024-11-14,33739,-0.8259728555893738,False
5,2024-11-15,36701,-0.3816294613903534,False
5,2024-11-16,39414,0.02536028488309106,False
5,2024-11-17,36066,-0.47688876433308736,False
5,2024-11-18,33981,-0.7896693102159225,False
5,2024-11-19,30516,-1.3094700735176126,False
5,2024-11-20,33582,-0.8495251556870261,False
5,2024-11-21,33494,-0.8627264449137357,False
5,2024-11-22,35879,-0.5049415039398453,False
5,2024-11-23,42699,0.5181584111301478,False
5,2024-11-24,45457,0.9318988166672506,False
5,2024-11-25,36092,-0.4729883834251959,False
5,2024-11-26,32223,-1.0533950654495072,False
5,2024-11-27,32434,-1.021741974235465,False
5,2024-11-28,34614,-0.6947100365737956,False
5,2024-11-29,51372,1.8192354732125597,False
5,2024-11-30,56674,2.6146131491218125,False
5,2024-12-01,48779,1.4302474849755376,False
5,2024-12-02,38356,-0.13335521513803103,False
5,2024-12-03,32396,-1.0274425309469986,False
5,2024-12-04,32907,-0.9507850446419008,False
5,2024-12-05,35781,-0.51964293966959,False
5,2024-12-06,39898,0.09796737562999379,False
5,2024-12-07,44927,0.8523910520063861,False
5,2024-12-08,40921,0.25143236289049276,False
5,2024-12-09,34157,-0.7632667317625033,False
5,2024-12-10,29722,-1.4285817058586059,False
5,2024-12-11,34319,-0.7389643584133334,False
5,2024-12-12,29524,-1.4582846066187025,False
5,2024-12-13,36402,-0.42648384183110527,False
5,2024-12-14,42855,0.5415606965774966,False
5,2024-12-15,43483,0.6357698969681059,False
5,2024-12-16,39763,0.07771539783901886,False
5,2024-12-17,36832,-0.36197754220059253,False
5,2024-12-18,39040,-0.03074519433042469,False
5,2024-12-19,39277,0.004808277791509085,False
5,2024-12-20,45800,0.9833538417213573,False
5,2024-12-21,53949,2.2058232270447258,False
5,2024-12-22,56813,2.6354651855140014,False
5,2024-12-23,58309,2.8598871023680643,False
5,2024-12-24,48373,1.3693415369523092,False
5,2024-12-25,45582,0.9506506479551904,False
5,2024-12-26,42212,0.44510127643233455,False
5,2024-12-27,45897,0.9979052628007985,False
5,2024-12-28,47634,1.2584807103780093,False
5,2024-12-29,47686,1.2662814721937923,False
5,2024-12-30,47359,1.2172266815445418,False
5,2024-12-31,30374,-1.330772153860712,False
5,2025-01-01,15674,-3.5359875133224272,True
5,2025-01-02,47037,1.1689219641468092,False
5,2025-01-03,46958,1.1570708067728313,False
5,2025-01-04,45077,0.8748932495519137,False
5,2025-01-05,46858,1.1420693417424794,False
5,2025-01-06,44930,0.8528410959572966,False
5,2025-01-07,36418,-0.424083607426249,False
5,2025-01-08,30490,-1.313370454425504,False
5,2025-01-09,33548,-0.8546256537973458,False
5,2025-01-10,35519,-0.5589467780491117,False
5,2025-01-11,44308,0.7595319834685084,False
5,2025-01-12,41172,0.28908604011667577,False
5,2025-01-13,33921,-0.7986701892341336,False
5,2025-01-14,33311,-0.8901791259192796,False
5,2025-01-15,33058,-0.9281328324460696,False
5,2025-01-16,32467,-1.0167914907754487,False
5,2025-01-17,35592,-0.5479957085769549,False
5,2025-01-18,43372,0.6191182707844155,False
5,2025-01-19,37687,-0.23371501619108462,False
5,2025-01-20,36372,-0.43098428134021083,False
5,2025-01-21,33908,-0.8006203796880793,False
5,2025-01-22,30339,-1.3360226666213353,False
5,2025-01-23,30809,-1.2655157809786817,False
5,2025-01-24,33582,-0.8495251556870261,False
5,2025-01-25,41305,0.3090379886070437,False
5,2025-01-26,38401,-0.12660455587437272,False
5,2025-01-27,31781,-1.1197015408836621,False
5,2025-01-28,29765,-1.4221310758955545,False
5,2025-01-29,29597,-1.4473335371465457,False
5,2025-01-30,30491,-1.3132204397752005,False
5,2025-01-31,38816,-0.06434847599841273,False
5,2025-02-01,49628,1.5576099230832243,False
5,2025-02-02,45436,0.9287485090108767,False
5,2025-02-03,40381,0.170424451726593,False
5,2025-02-04,35635,-0.5415450786139037,False
5,2025-02-05,39963,0.10771832789972247,False
5,2025-02-06,36923,-0.3483262090229724,False
5,2025-02-07,40963,0.25773297820324054,False
5,2025-02-08,50569,1.6987737090188348,False
5,2025-02-09,59144,2.985149335371502,False
5,2025-02-10,40580,0.2002773671369931,False
5,2025-02-11,34757,-0.6732579415803924,False
5,2025-02-12,35374,-0.5806989023431218,False
5,2025-02-13,37469,-0.2664182099572515,False
5,2025-02-14,49499,1.5382580331940705,False
5,2025-02-15,50638,1.7091247198897777,False
5,2025-02-16,44155,0.7365797419720701,False
5,2025-02-17,37820,-0.2137630677007167,False
5,2025-02-18,35799,-0.5169426759641267,False
5,2025-02-19,34703,-0.6813587326967825,False
5,2025-02-20,37714,-0.22966462063288962,False
5,2025-02-21,37922,-0.19846157336975787,False
5,2025-02-22,42350,0.46580329817422006,False
5,2025-02-23,40972,0.2590831100559722,False
5,2025-02-24,36075,-0.4755386324803557,False
5,2025-02-25,34070,-0.7763180063389093,False
5,2025-02-26,32970,-0.9413341216727792,False
5,2025-02-27,32904,-0.9512350885928115,False
5,2025-02-28,41051,0.2709342674299501,False
5,2025-03-01,46159,1.0372091011803202,False
5,2025-03-02,38411,-0.12510440937133754,False
5,2025-03-03,38483,-0.11430335454948425,False
5,2025-03-04,41205,0.29403652357669186,False
5,2025-03-05,42178,0.44000077832201495,False
5,2025-03-06,38508,-0.11055298829189629,False
5,2025-03-07,40542,0.1945768104254594,False
5,2025-03-08,52065,1.923195625872898,False
5,2025-03-09,41945,0.4050473648012952,False
5,2025-03-10,40468,0.18347572630299908,False
5,2025-03-11,36114,-0.4696880611185185,False
5,2025-03-12,33798,-0.8171219912214663,False
5,2025-03-13,33248,-0.8996300488884013,False
5,2025-03-14,38646,-0.0898509665500108,False
5,2025-03-15,48008,1.3145861895915252,False
5,2025-03-16,45997,1.0129067278311503,False
5,2025-03-17,40296,0.15767320645079397,False
5,2025-03-18,36244,-0.45018615657906114,False
5,2025-03-19,37375,-0.28051958708578223,False
5,2025-03-20,40962,0.25758296355293697,False
5,2025-03-21,42479,0.4851551880633739,False
5,2025-03-22,47103,1.1788229310668412,False
5,2025-03-23,44415,0.7755835510509848,False
5,2025-03-24,37344,-0.2851700412451913,False
5,2025-03-25,37371,-0.2811196456869963,False
5,2025-03-26,33364,-0.8822283494531932,False
5,2025-03-27,32656,-0.9884387218680839,False
5,2025-03-28,37619,-0.24391601241172384,False
5,2025-03-29,46763,1.1278179499636451,False
5,2025-03-30,44227,0.7473807967939234,False
5,2025-03-31,40097,0.12782029104039389,False
5,2025-04-01,40952,0.2560828170499018,False
5,2025-04-02,36720,-0.3787791830345866,False
5,2025-04-03,37282,-0.29447094956400943,False
5,2025-04-04,26809,-1.865574382192754,False
5,2025-04-05,54999,2.36333860986342,False
5,2025-04-06,48027,1.317436467947292,False
5,2025-04-07,44242,0.7496310165484762,False
5,2025-04-08,40639,0.20912823150490067,False
5,2025-04-09,36211,-0.4551366400390772,False
5,2025-04-10,38512,-0.10995292969068222,False
5,2025-04-11,43164,0.5879152235212838,False
5,2025-04-12,49608,1.554609630077154,False
5,2025-04-13,56261,2.5526570985464594,False
5,2025-04-14,40469,0.18362574095330259,False
5,2025-04-15,40435,0.178525242842983,False
5,2025-04-16,40268,0.15347279624229546,False
5,2025-04-17,45868,0.9935548379419965,False
5,2025-04-18,40406,0.17417481798418097,False
5,2025-04-19,45062,0.872643029797361,False
5,2025-04-20,42848,0.540510594025372,False
5,2025-04-21,41131,0.28293543945423155,False
5,2025-04-22,36766,-0.3718785091206247,False
5,2025-04-23,35025,-0.6330540152990497,False
5,2025-04-24,38512,-0.10995292969068222,False
5,2025-04-25,43164,0.5879152235212838,False
5,2025-04-26,47704,1.2689817358992557,False
5,2025-04-27,47693,1.267331574745917,False
5,2025-04-28,35824,-0.5131923097065387,False
5,2025-04-29,35323,-0.5883496495086012,False
5,2025-04-30,35300,-0.5917999864655822,False
5,2025-05-01,42594,0.5024068728482785,False
5,2025-05-02,53452,2.1312659458438774,False
5,2025-05-03,49452,1.5312073446298051,False
5,2025-05-04,48491,1.3870432656881244,False
5,2025-05-05,44238,0.7490309579472622,False
5,2025-05-06,37936,-0.19636136826550862,False
5,2025-05-07,37874,-0.20566227658432673,False
5,2025-05-08,37403,-0.27631917687728375,False
5,2025-05-09,42214,0.44540130573294157,False
5,2025-05-10,53860,2.1924719231677128,False
5,2025-05-11,55255,2.4017423603411205,False
5,2025-05-12,36971,-0.3411255058084035,False
5,2025-05-13,34636,-0.6914097142671182,False
5,2025-05-14,35211,-0.6051512903425953,False
5,2025-05-15,36168,-0.4615872700021285,False
5,2025-05-16,39018,-0.03404551663710209,False
5,2025-05-17,48121,1.3315378450758226,False
5,2025-05-18,48830,1.437898232141017,False
5,2025-05-19,39399,0.023110065128538287,False
5,2025-05-20,38666,-0.08685067354394044,False
5,2025-05-21,47063,1.1728223450547006,False
5,2025-05-22,41795,0.38254516725576754,False
5,2025-05-23,47953,1.3063353838248317,False
5,2025-05-24,46034,1.0184572698923806,False
5,2025-05-25,45285,0.9060962968150456,False
5,2025-05-26,36010,-0.4852895847500844,False
5,2025-05-27,33936,-0.7964199694795808,False
5,2025-05-28,34956,-0.6434050261699924,False
5,2025-05-29,34129,-0.7674671419710019,False
5,2025-05-30,41773,0.3792448449490901,False
5,2025-05-31,53635,2.158718626849421,False
5,2025-06-01,71327,4.812777820019263,True
5,2025-06-02,44130,0.7328293757144821,False
5,2025-06-03,37745,-0.22501416647348055,False
5,2025-06-04,37398,-0.27706925012880135,False
5,2025-06-05,38000,-0.18676043064608347,False
5,2025-06-06,40775,0.2295302239461791,False
5,2025-06-07,47994,1.3124859844872758,False
5,2025-06-08,45984,1.0109565373772047,False
5,2025-06-09,37381,-0.2796194991839611,False
5,2025-06-10,33397,-0.877277865993177,False
5,2025-06-11,33252,-0.8990299902871871,False
5,2025-06-12,32715,-0.9795878575001763,False
5,2025-06-13,38022,-0.18346010833940607,False
5,2025-06-14,48084,1.3259873030145926,False
5,2025-06-15,47935,1.3036351201193683,False
5,2025-06-16,36156,-0.46338744580577074,False
5,2025-06-17,32491,-1.0131911391681643,False
5,2025-06-18,32682,-0.9845383409601924,False
5,2025-06-19,33252,-0.8990299902871871,False
5,2025-06-20,39223,-0.003292513324880889,False
5,2025-06-21,42277,0.4548522287020632,False
5,2025-06-22,40959,0.25713291960202644,False
5,2025-06-23,35968,-0.4915902000628321,False
5,2025-06-24,33854,-0.8087211708044693,False
5,2025-06-25,33092,-0.92303233433575,False
5,2025-06-26,34191,-0.7581662336521837,False
5,2025-06-27,36794,-0.3676780989121262,False
5,2025-06-28,41132,0.28308545410453506,False
5,2025-06-29,40423,0.17672506703934077,False
5,2025-06-30,41659,0.36214317481448904,False
5,2025-07-01,42347,0.4653532542233095,False
5,2025-07-02,39428,0.02746048998734031,False
5,2025-07-03,38252,-0.14895673876959692,False
5,2025-07-04,41408,0.32448949758830603,False
5,2025-07-05,44808,0.8345393086202674,False
5,2025-07-06,41711,0.36994393663027203,False
5,2025-07-07,44258,0.7520312509533325,False
5,2025-07-08,38209,-0.15540736873264818,False
5,2025-07-09,37169,-0.31142260504830693,False
5,2025-07-10,37710,-0.23026467923410368,False
5,2025-07-11,36754,-0.3736786849242669,False
5,2025-07-12,38512,-0.10995292969068222,False
5,2025-07-13,37181,-0.30962242924466477,False
5,2025-07-14,38301,-0.14160602090472452,False
5,2025-07-15,39767,0.07831545644023293,False
5,2025-07-16,37147,-0.31472292735498436,False
5,2025-07-17,35819,-0.5139423829580563,False
5,2025-07-18,37388,-0.2785693966318365,False
5,2025-07-19,39940,0.10426799094274156,False
5,2025-07-20,39834,0.08836643801056863,False
5,2025-07-21,40624,0.2068780117503479,False
5,2025-07-22,36267,-0.44673581962208025,False
5,2025-07-23,35741,-0.5256435256817307,False
5,2025-07-24,34964,-0.6422049089675642,False
5,2025-07-25,37440,-0.27076863481605357,False
5,2025-07-26,39787,0.08131574944630329,False
5,2025-07-27,39076,-0.025344666919498042,False
5,2025-07-28,37002,-0.3364750516489945,False
5,2025-07-29,36393,-0.42783397368383697,False
5,2025-07-30,37126,-0.3178732350113582,False
5,2025-07-31,38809,-0.06539857855053736,False
5,2025-08-01,44520,0.7913350893328542,False
5,2025-08-02,45017,0.8658923705337027,False
5,2025-08-03,41346,0.3151885892694879,False
5,2025-08-04,46053,1.0213075482481473,False
5,2025-08-05,44145,0.7350795954690349,False
5,2025-08-06,39828,0.08746635010874752,False
5,2025-08-07,42255,0.45155190639538584,False
5,2025-08-08,40730,0.2227795646825208,False
5,2025-08-09,43491,0.6369700141705341,False
5,2025-08-10,38235,-0.15150698782475672,False
5,2025-08-11,43674,0.6644226951760779,False
5,2025-08-12,41991,0.41194803871525704,False
5,2025-08-13,38798,-0.06704873970387606,False
5,2025-08-14,39370,0.018759640269736262,False
5,2025-08-15,43926,0.7022263870525645,False
5,2025-08-16,46421,1.076512939559842,False
5,2025-08-17,45266,0.9032460184592787,False
5,2025-08-18,43970,0.7088270316659193,False
5,2025-08-19,42063,0.4227490935371104,False
5,2025-08-20,44207,0.744380503787853,False
5,2025-08-21,39298,0.007958585447882964,False
5,2025-08-22,40428,0.17747514029085837,False
5,2025-08-23,43578,0.6500212887469402,False
5,2025-08-24,42363,0.4677534886281658,False
5,2025-08-25,41148,0.2854856885093913,False
5,2025-08-26,38775,-0.07049907666085697,False
5,2025-08-27,37103,-0.32132357196833916,False
5,2025-08-28,38704,-0.08115011683240675,False
5,2025-08-29,42392,0.4721039134869678,False
5,2025-08-30,47735,1.2736321900586647,False
5,2025-08-31,48446,1.380292606424466,False
5,2025-09-01,45453,0.9312987580660366,False
5,2025-09-02,41060,0.2722843992826818,False
5,2025-09-03,39471,0.03391111995039159,False
5,2025-09-04,38400,-0.12675457052467623,False
5,2025-09-05,42588,0.5015067849464573,False
5,2025-09-06,50830,1.737927532748053,False
5,2025-09-07,46160,1.037359115830624,False
5,2025-09-08,40820,0.23628088320983742,False
5,2025-09-09,35971,-0.4911401561119216,False
5,2025-09-10,35134,-0.6167024184159662,False
5,2025-09-11,36220,-0.4537865081863456,False
5,2025-09-12,37643,-0.2403156608044394,False
5,2025-09-13,47244,1.1999749967596374,False
5,2025-09-14,45568,0.9485504428509411,False
5,2025-09-15,42019,0.4161484489237556,False
5,2025-09-16,42650,0.5108076932652754,False
5,2025-09-17,33985,-0.7890692516147084,False
5,2025-09-18,33543,-0.8553757270488633,False
5,2025-09-19,37663,-0.23731536779836904,False
5,2025-09-20,48708,1.4195964448039877,False
5,2025-09-21,43036,0.5687133482824335,False
5,2025-09-22,35336,-0.5863994590546555,False
5,2025-09-23,33880,-0.8048207898965778,False
5,2025-09-24,32502,-1.0115409780148257,False
5,2025-09-25,32832,-0.9620361434146647,False
5,2025-09-26,37534,-0.25666725768752285,False
5,2025-09-27,43439,0.6291692523547512,False
5,2025-09-28,43312,0.6101173917662044,False
5,2025-09-29,32068,-1.0766473362465525,False
5,2025-09-30,34953,-0.6438550701209029,False
6,2024-10-01,11391,0.028145220312545797,False
6,2024-10-02,10662,-0.22962578257403082,False
6,2024-10-03,10152,-0.40995940599262354,False
6,2024-10-04,11932,0.21944029927226863,False
6,2024-10-05,15790,1.583611121132917,False
6,2024-10-06,14021,0.9581009646084258,False
6,2024-10-07,10157,-0.40819142929244123,False
6,2024-10-08,9478,-0.648282665177195,False
6,2024-10-09,8988,-0.8215443817950586,False
6,2024-10-10,10641,-0.23705128471479642,False
6,2024-10-11,13872,0.9054152589429938,False
6,2024-10-12,15030,1.3148786627052103,False
6,2024-10-13,12402,0.3856301090894031,False
6,2024-10-14,9574,-0.6143375125336953,False
6,2024-10-15,10839,-0.16703940738757805,False
6,2024-10-16,9456,-0.6560617626579971,False
6,2024-10-17,9964,-0.4764353299194773,False
6,2024-10-18,10922,-0.1376909941645522,False
6,2024-10-19,14478,1.1196940350050864,False
6,2024-10-20,12862,0.548283965506173,False
6,2024-10-21,9861,-0.5128556499432323,False
6,2024-10-22,9820,-0.527353058884727,False
6,2024-10-23,10333,-0.34595864944602495,False
6,2024-10-24,11209,-0.03620913157408925,False
6,2024-10-25,10722,-0.20841006217184344,False
6,2024-10-26,14301,1.0571076598186335,False
6,2024-10-27,12410,0.38845887180969474,False
6,2024-10-28,10305,-0.3558593189670457,False
6,2024-10-29,10245,-0.3770750393692331,False
6,2024-10-30,9078,-0.7897208011917776,False
6,2024-10-31,15044,1.3198289974657205,False
6,2024-11-01,14198,1.0206873397948786,False
6,2024-11-02,13383,0.7325071376651667,False
6,2024-11-03,12903,0.5627813744476676,False
6,2024-11-04,12975,0.5882402389302925,False
6,2024-11-05,10241,-0.3784894207293789,False
6,2024-11-06,9003,-0.8162404516945118,False
6,2024-11-07,10843,-0.16562502602743223,False
6,2024-11-08,12998,0.596372931751131,False
6,2024-11-09,14394,1.089992026442024,False
6,2024-11-10,14037,0.963758490049009,False
6,2024-11-11,11771,0.16251144952639918,False
6,2024-11-12,10549,-0.2695820559981504,False
6,2024-11-13,9458,-0.6553545719779241,False
6,2024-11-14,11307,-0.001556788250516529,False
6,2024-11-15,11908,0.2109540111113937,False
6,2024-11-16,14983,1.2982596817234968,False
6,2024-11-17,13108,0.6352684191551412,False
6,2024-11-18,10664,-0.2289185918939579,False
6,2024-11-19,10575,-0.26038857715720254,False
6,2024-11-20,9006,-0.8151796656744024,False
6,2024-11-21,9434,-0.6638408601387992,False
6,2024-11-22,12480,0.4132105456122467,False
6,2024-11-23,16611,1.8739128953028474,False
6,2024-11-24,13588,0.8049941823726402,False
6,2024-11-25,11767,0.16109706816625335,False
6,2024-11-26,9503,-0.6394427816762837,False
6,2024-11-27,8389,-1.0333479904768959,False
6,2024-11-28,9960,-0.4778497112796231,False
6,2024-11-29,16247,1.7452041915295775,False
6,2024-11-30,19055,2.7380999063519464,False
6,2024-12-01,16224,1.737071498708739,False
6,2024-12-02,10509,-0.28372586959960866,False
6,2024-12-03,10798,-0.18153681632907276,False
6,2024-12-04,10245,-0.3770750393692331,False
6,2024-12-05,11654,0.1211407947421338,False
6,2024-12-06,15667,1.5401188943084327,False
6,2024-12-07,18629,2.587468291496416,False
6,2024-12-08,16573,1.8604762723814623,False
6,2024-12-09,11022,-0.10233146016090656,False
6,2024-12-10,9945,-0.48315364138017,False
6,2024-12-11,9192,-0.7494109324276216,False
6,2024-12-12,10020,-0.4566339908774357,False
6,2024-12-13,11868,0.19681019750993545,False
6,2024-12-14,18136,2.4131457888584436,False
6,2024-12-15,16289,1.7600551958111086,False
6,2024-12-16,12277,0.34143069158484607,False
6,2024-12-17,11287,-0.008628695051245654,False
6,2024-12-18,11470,0.056079252175425844,False
6,2024-12-19,12328,0.35946405392670533,False
6,2024-12-20,15279,1.4029239023742879,False
6,2024-12-21,18334,2.4831576661856616,False
6,2024-12-22,17613,2.2282154260193767,False
6,2024-12-23,16403,1.8003650645752647,False
6,2024-12-24,27662,5.7814949980457255,True
6,2024-12-25,23031,4.143994978336897,True
6,2024-12-26,14994,1.3021492304638977,False
6,2024-12-27,14950,1.2865910355022936,False
6,2024-12-28,17610,2.2271546399992674,False
6,2024-12-29,16119,1.699943988004911,False
6,2024-12-30,15938,1.6359432314583124,False
6,2024-12-31,12515,0.42558638251352265,False
6,2025-01-01,8846,-0.8717549200802354,False
6,2025-01-02,17229,2.0924348154453773,False
6,2025-01-03,16391,1.796121920494827,False
6,2025-01-04,17904,2.3311116699699856,False
6,2025-01-05,14608,1.1656614292098255,False
6,2025-01-06,10391,-0.32545011972391047,False
6,2025-01-07,9715,-0.5644805695885549,False
6,2025-01-08,9216,-0.7409246442667466,False
6,2025-01-09,7962,-1.1843332006724627,False
6,2025-01-10,10944,-0.12991189668375017,False
6,2025-01-11,14662,1.1847555775717942,False
6,2025-01-12,12378,0.37714382092852816,False
6,2025-01-13,8290,-1.068353929140505,False
6,2025-01-14,8607,-0.9562642063489485,False
6,2025-01-15,8101,-1.1351834484073953,False
6,2025-01-16,7826,-1.232422166917421,False
6,2025-01-17,9816,-0.5287674402448729,False
6,2025-01-18,13829,0.8902106593214262,False
6,2025-01-19,12094,0.27672274435817457,False
6,2025-01-20,8566,-0.9707616152904431,False
6,2025-01-21,8499,-0.9944525030728857,False
6,2025-01-22,7816,-1.2359581203177854,False
6,2025-01-23,7765,-1.2539914826596446,False
6,2025-01-24,9558,-0.6199950379742786,False
6,2025-01-25,13339,0.7169489427035626,False
6,2025-01-26,11489,0.0627975636361185,False
6,2025-01-27,7909,-1.203073753694395,False
6,2025-01-28,7725,-1.268135296261103,False
6,2025-01-29,7341,-1.4039159068351021,False
6,2025-01-30,7624,-1.3038484256047849,False
6,2025-01-31,9973,-0.4732529718591492,False
6,2025-02-01,14011,0.9545650112080613,False
6,2025-02-02,12849,0.5436872260856991,False
6,2025-02-03,8850,-0.8703405387200895,False
6,2025-02-04,9078,-0.7897208011917776,False
6,2025-02-05,8329,-1.0545637108790833,False
6,2025-02-06,8517,-0.9880877869522295,False
6,2025-02-07,10409,-0.31908540360325427,False
6,2025-02-08,14688,1.1939490564127422,False
6,2025-02-09,13389,0.7346287097053854,False
6,2025-02-10,9629,-0.5948897688316902,False
6,2025-02-11,8923,-0.8445280788974283,False
6,2025-02-12,8699,-0.9237334350655945,False
6,2025-02-13,9488,-0.6447467117768305,False
6,2025-02-14,15006,1.3063923745443353,False
6,2025-02-15,14335,1.069129901379873,False
6,2025-02-16,12629,0.46589625127767864,False
6,2025-02-17,8898,-0.8533679623983397,False
6,2025-02-18,8523,-0.9859662149120108,False
6,2025-02-19,8206,-1.0980559377035675,False
6,2025-02-20,8630,-0.94813151352811,False
6,2025-02-21,10286,-0.3625776304277384,False
6,2025-02-22,13238,0.6812358133598805,False
6,2025-02-23,12181,0.3074855389413462,False
6,2025-02-24,8345,-1.0489061854385,False
6,2025-02-25,8759,-0.9025177146634071,False
6,2025-02-26,8129,-1.1252827788863746,False
6,2025-02-27,8239,-1.0863872914823645,False
6,2025-02-28,11670,0.12679832018271708,False
6,2025-03-01,14868,1.2575962176193043,False
6,2025-03-02,11742,0.15225718466534194,False
6,2025-03-03,11443,0.04653217799444152,False
6,2025-03-04,12755,0.5104492641222722,False
6,2025-03-05,10622,-0.24376959617548907,False
6,2025-03-06,9370,-0.6864709619011323,False
6,2025-03-07,10621,-0.24412319151552553,False
6,2025-03-08,16210,1.7321211639482286,False
6,2025-03-09,13265,0.6907828875408648,False
6,2025-03-10,9362,-0.689299724621424,False
6,2025-03-11,9220,-0.7395102629066007,False
6,2025-03-12,8510,-0.9905629543324848,False
6,2025-03-13,8248,-1.0832049334220362,False
6,2025-03-14,10950,-0.1277903246435314,False
6,2025-03-15,15045,1.3201825928057571,False
6,2025-03-16,12866,0.5496983468663188,False
6,2025-03-17,8950,-0.834981004716444,False
6,2025-03-18,9141,-0.7674442947694808,False
6,2025-03-19,8678,-0.9311589372063601,False
6,2025-03-20,9173,-0.7561292438883143,False
6,2025-03-21,11482,0.06032239625586332,False
6,2025-03-22,13764,0.8672269622190565,False
6,2025-03-23,12735,0.503377357321543,False
6,2025-03-24,8507,-0.991623740352594,False
6,2025-03-25,9241,-0.7320847607658352,False
6,2025-03-26,7878,-1.214035209235525,False
6,2025-03-27,8180,-1.1072494165445153,False
6,2025-03-28,10175,-0.40182671317178503,False
6,2025-03-29,14994,1.3021492304638977,False
6,2025-03-30,13069,0.6214782008937194,False
6,2025-03-31,10513,-0.2823114882394628,False
6,2025-04-01,10497,-0.2879690136800461,False
6,2025-04-02,9673,-0.579331573870086,False
6,2025-04-03,8348,-1.0478453994183907,False
6,2025-04-04,11398,0.030620387692800993,False
6,2025-04-05,16459,1.8201664036173062,False
6,2025-04-06,14491,1.1242907744255601,False
6,2025-04-07,9043,-0.8020966380930535,False
6,2025-04-08,9015,-0.8119973076140743,False
6,2025-04-09,8615,-0.9534354436286568,False
6,2025-04-10,8774,-0.8972137845628603,False
6,2025-04-11,11052,-0.09172359995981288,False
6,2025-04-12,15384,1.4400514130781157,False
6,2025-04-13,13442,0.7533692627273176,False
6,2025-04-14,9155,-0.7624939600089704,False
6,2025-04-15,9386,-0.680813436460549,False
6,2025-04-16,9736,-0.5570550674477893,False
6,2025-04-17,12758,0.5115100501423815,False
6,2025-04-18,13427,0.7480653326267708,False
6,2025-04-19,15401,1.4460625338587354,False
6,2025-04-20,12971,0.5868258575701467,False
6,2025-04-21,9122,-0.7741626062301735,False
6,2025-04-22,8974,-0.826494716555569,False
6,2025-04-23,7947,-1.1896371307730096,False
6,2025-04-24,8774,-0.8972137845628603,False
6,2025-04-25,11052,-0.09172359995981288,False
6,2025-04-26,13588,0.8049941823726402,False
6,2025-04-27,12709,0.49418387848059514,False
6,2025-04-28,8107,-1.1330618763671767,False
6,2025-04-29,8646,-0.9424739880875267,False
6,2025-04-30,8457,-1.009303507354417,False
6,2025-05-01,10090,-0.43188231707488384,False
6,2025-05-02,14386,1.0871632637217323,False
6,2025-05-03,15029,1.3145250673651736,False
6,2025-05-04,12774,0.5171675755829648,False
6,2025-05-05,9179,-0.7540076718480955,False
6,2025-05-06,9255,-0.7271344260053249,False
6,2025-05-07,8347,-1.0481989947584271,False
6,2025-05-08,8932,-0.8413457208371001,False
6,2025-05-09,11309,-0.0008495975704436166,False
6,2025-05-10,16939,1.9898921668348053,False
6,2025-05-11,16212,1.7328283546283014,False
6,2025-05-12,8383,-1.0354695625171146,False
6,2025-05-13,9121,-0.77451620157021,False
6,2025-05-14,8209,-1.096995151683458,False
6,2025-05-15,8857,-0.8678653713398344,False
6,2025-05-16,10613,-0.24695195423581717,False
6,2025-05-17,15100,1.3396303365077622,False
6,2025-05-18,12994,0.5949585503909852,False
6,2025-05-19,8557,-0.9739439733507713,False
6,2025-05-20,9732,-0.5584694488079351,False
6,2025-05-21,8189,-1.1040670584841872,False
6,2025-05-22,11282,-0.010396671751427935,False
6,2025-05-23,16229,1.7388394754089211,False
6,2025-05-24,15961,1.644075924279151,False
6,2025-05-25,14411,1.0960031472226437,False
6,2025-05-26,8789,-0.8919098544623134,False
6,2025-05-27,9915,-0.49376150158126364,False
6,2025-05-28,9378,-0.6836421991808407,False
6,2025-05-29,9109,-0.7787593456506474,False
6,2025-05-30,13126,0.6416331352757975,False
6,2025-05-31,17517,2.194270273375877,False
6,2025-06-01,19550,2.9131295996699924,False
6,2025-06-02,10111,-0.42445681493411824,False
6,2025-06-03,9716,-0.5641269742485184,False
6,2025-06-04,8828,-0.8781196362008916,False
6,2025-06-05,9313,-0.7066258962832104,False
6,2025-06-06,11335,0.008343881270504247,False
6,2025-06-07,15493,1.4785933051420894,False
6,2025-06-08,13063,0.6193566288535007,False
6,2025-06-09,8790,-0.891556259122277,False
6,2025-06-10,9670,-0.5803923598901954,False
6,2025-06-11,8491,-0.9972812657931774,False
6,2025-06-12,8444,-1.0139002467748908,False
6,2025-06-13,11912,0.21236839247153952,False
6,2025-06-14,16132,1.704540727425385,False
6,2025-06-15,14861,1.255121050239049,False
6,2025-06-16,8676,-0.931866127886433,False
6,2025-06-17,9162,-0.7600187926287152,False
6,2025-06-18,7954,-1.1871619633927544,False
6,2025-06-19,8380,-1.0365303485372241,False
6,2025-06-20,10093,-0.43082153105477444,False
6,2025-06-21,12171,0.30394958554098167,False
6,2025-06-22,11440,0.045471391974332157,False
6,2025-06-23,8597,-0.959800159749313,False
6,2025-06-24,9194,-0.7487037417475486,False
6,2025-06-25,8605,-0.9569713970290213,False
6,2025-06-26,8168,-1.1114925606249528,False
6,2025-06-27,10924,-0.13698380348447928,False
6,2025-06-28,13146,0.6487050420765266,False
6,2025-06-29,12272,0.33966271488466376,False
6,2025-06-30,9920,-0.4919935248810814,False
6,2025-07-01,11786,0.16781537962694604,False
6,2025-07-02,10604,-0.2501343122961453,False
6,2025-07-03,10185,-0.3982907597714205,False
6,2025-07-04,11165,-0.05176732653569332,False
6,2025-07-05,14423,1.1002462913030813,False
6,2025-07-06,12574,0.44644850757567356,False
6,2025-07-07,9636,-0.592414601451435,False
6,2025-07-08,9864,-0.5117948639231229,False
6,2025-07-09,9656,-0.5853426946507059,False
6,2025-07-10,9578,-0.6129231311735495,False
6,2025-07-11,10805,-0.17906164894881757,False
6,2025-07-12,13487,0.7692810530289581,False
6,2025-07-13,11556,0.08648845141856108,False
6,2025-07-14,9651,-0.5871106713508881,False
6,2025-07-15,10668,-0.2275042105338121,False
6,2025-07-16,10005,-0.4619379209779826,False
6,2025-07-17,9166,-0.7586044112685694,False
6,2025-07-18,10550,-0.2692284606581139,False
6,2025-07-19,13416,0.7441757838863697,False
6,2025-07-20,11867,0.196456602169899,False
6,2025-07-21,9288,-0.7154657797841217,False
6,2025-07-22,9677,-0.5779171925099402,False
6,2025-07-23,8962,-0.8307378606360065,False
6,2025-07-24,9052,-0.7989142800327255,False
6,2025-07-25,10059,-0.44284377261601393,False
6,2025-07-26,11678,0.12962708290300876,False
6,2025-07-27,11421,0.03875308051363949,False
6,2025-07-28,8661,-0.9371700579869798,False
6,2025-07-29,9414,-0.6709127669395283,False
6,2025-07-30,9072,-0.7918423732319962,False
6,2025-07-31,10218,-0.3866221135502174,False
6,2025-08-01,11613,0.10664338580063909,False
6,2025-08-02,14958,1.2894197982225852,False
6,2025-08-03,12698,0.49029432974019416,False
6,2025-08-04,10759,-0.19532703459049455,False
6,2025-08-05,11427,0.04087465255385822,False
6,2025-08-06,10014,-0.4587555629176545,False
6,2025-08-07,9833,-0.522756319464253,False
6,2025-08-08,10536,-0.27417879541862433,False
6,2025-08-09,13457,0.7586731928278645,False
6,2025-08-10,12241,0.3287012593435336,False
6,2025-08-11,12132,0.2901593672795599,False
6,2025-08-12,10283,-0.3636384164478478,False
6,2025-08-13,9828,-0.5245242961644353,False
6,2025-08-14,10093,-0.43082153105477444,False
6,2025-08-15,11382,0.02496286225221769,False
6,2025-08-16,14035,0.9630512993689362,False
6,2025-08-17,12448,0.40189549473108005,False
6,2025-08-18,10599,-0.25190228899632755,False
6,2025-08-19,10438,-0.30883113874219703,False
6,2025-08-20,10251,-0.37495346732901436,False
6,2025-08-21,9708,-0.5669557369688101,False
6,2025-08-22,10583,-0.2575598144369109,False
6,2025-08-23,13947,0.931934909445728,False
6,2025-08-24,11969,0.2325233268536175,False
6,2025-08-25,9532,-0.6291885168152264,False
6,2025-08-26,9815,-0.5291210355849093,False
6,2025-08-27,8713,-0.9187831003050841,False
6,2025-08-28,9123,-0.773809010890137,False
6,2025-08-29,11211,-0.03550194089401633,False
6,2025-08-30,15106,1.3417519085479808,False
6,2025-08-31,13303,0.7042195104622502,False
6,2025-09-01,10821,-0.17340412350823428,False
6,2025-09-02,9620,-0.5980721268920183,False
6,2025-09-03,9431,-0.6649016461589085,False
6,2025-09-04,9845,-0.5185131753838156,False
6,2025-09-05,11353,0.014708597391160459,False
6,2025-09-06,15282,1.4039846883943972,False
6,2025-09-07,13145,0.6483514467364901,False
6,2025-09-08,9447,-0.6592441207183252,False
6,2025-09-09,9875,-0.5079053151827219,False
6,2025-09-10,9453,-0.6571225486781065,False
6,2025-09-11,9374,-0.6850565805409865,False
6,2025-09-12,10566,-0.2635709352175306,False
6,2025-09-13,14609,1.1660150245498622,False
6,2025-09-14,12854,0.5454552027858813,False
6,2025-09-15,8531,-0.9831374521917191,False
6,2025-09-16,9047,-0.8006822567329077,False
6,2025-09-17,8040,-1.1567527641496191,False
6,2025-09-18,7749,-1.2596490081002278,False
6,2025-09-19,10134,-0.41632412211327974,False
6,2025-09-20,14196,1.0199801491148057,False
6,2025-09-21,12084,0.27318679095781,False
6,2025-09-22,5765,-1.9611821627325572,False
6,2025-09-23,6804,-1.5937966044346792,False
6,2025-09-24,6763,-1.6082940133761738,False
6,2025-09-25,7459,-1.3621916567108003,False
6,2025-09-26,9193,-0.749057337087585,False
6,2025-09-27,12547,0.43690143339468923,False
6,2025-09-28,11402,0.03203476905294682,False
6,2025-09-29,7588,-1.3165778578460974,False
6,2025-09-30,8989,-0.8211907864550222,False
7,2024-10-01,31699,1.3343297281019497,False
7,2024-10-02,20750,-0.6488266527732696,False
7,2024-10-03,22196,-0.3869174257438087,False
7,2024-10-04,24994,0.11987511729106783,False
7,2024-10-05,29769,0.9847551719699583,False
7,2024-10-06,25999,0.30190746387793377,False
7,2024-10-07,22812,-0.2753433705224063,False
7,2024-10-08,19463,-0.881936732432271,False
7,2024-10-09,19494,-0.8763218043285965,False
7,2024-10-10,20207,-0.7471784579440837,False
7,2024-10-11,22474,-0.3365641995237602,False
7,2024-10-12,27882,0.6429690644979025,False
7,2024-10-13,26044,0.31005816596391284,False
7,2024-10-14,20884,-0.6245556732283541,False
7,2024-10-15,20469,-0.6997232591323833,False
7,2024-10-16,20828,-0.6346987691575725,False
7,2024-10-17,19852,-0.8114784410668076,False
7,2024-10-18,24561,0.041447250552646975,False
7,2024-10-19,26719,0.43231869725359895,False
7,2024-10-20,24448,0.02097993198118842,False
7,2024-10-21,19744,-0.8310401260731572,False
7,2024-10-22,18560,-1.0454941542909177,False
7,2024-10-23,19411,-0.8913553215094024,False
7,2024-10-24,20682,-0.6611432692587491,False
7,2024-10-25,23658,-0.12211017130599974,False
7,2024-10-26,29297,0.899263363423689,False
7,2024-10-27,25808,0.26731226169077815,False
7,2024-10-28,19580,-0.8607449070087254,False
7,2024-10-29,21289,-0.5511993544545425,False
7,2024-10-30,18864,-0.9904316335323036,False
7,2024-10-31,20841,-0.6323441218882897,False
7,2024-11-01,24827,0.08962695621643438,False
7,2024-11-02,27819,0.6315580815775318,False
7,2024-11-03,26653,0.42036433419416297,False
7,2024-11-04,19580,-0.8607449070087254,False
7,2024-11-05,21289,-0.5511993544545425,False
7,2024-11-06,18867,-0.9898882533932383,False
7,2024-11-07,19849,-0.8120218212058727,False
7,2024-11-08,24846,0.09306836376384776,False
7,2024-11-09,27958,0.6567346946875561,False
7,2024-11-10,26805,0.44789559457347006,False
7,2024-11-11,19691,-0.8406398418633104,False
7,2024-11-12,20175,-0.75297451276078,False
7,2024-11-13,18247,-1.1021868154667278,False
7,2024-11-14,21119,-0.5819908956682411,False
7,2024-11-15,23670,-0.11993665074973865,False
7,2024-11-16,26633,0.41674179993372784,False
7,2024-11-17,26345,0.36457730658346177,False
7,2024-11-18,19641,-0.8496961775143983,False
7,2024-11-19,20805,-0.6388646835570729,False
7,2024-11-20,18453,-1.0648747125842457,False
7,2024-11-21,18760,-1.0092688116865662,False
7,2024-11-22,23725,-0.109974681533542,False
7,2024-11-23,28252,0.7099859483159526,False
7,2024-11-24,24628,0.053582740325104704,False
7,2024-11-25,18942,-0.9763037499166065,False
7,2024-11-26,20401,-0.7120398756178629,False
7,2024-11-27,21674,-0.48146556994116596,False
7,2024-11-28,30070,1.0392743125895072,False
7,2024-11-29,39031,2.662350787977473,False
7,2024-11-30,46613,4.035653526108436,True
7,2024-12-01,44600,3.6710454527956387,True
7,2024-12-02,22770,-0.2829506924693201,False
7,2024-12-03,23985,-0.06288173614788516,False
7,2024-12-04,22470,-0.33728870637584724,False
7,2024-12-05,24160,-0.031184561369077646,False
7,2024-12-06,27877,0.6420634309327937,False
7,2024-12-07,32946,1.5601947392400808,False
7,2024-12-08,34891,1.9124861960673984,False
7,2024-12-09,25698,0.24738832325838486,False
7,2024-12-10,25738,0.25463339177925515,False
7,2024-12-11,28546,0.7632372019443493,False
7,2024-12-12,27777,0.623950759630618,False
7,2024-12-13,30253,1.0724205010724888,False
7,2024-12-14,39145,2.6829992332619534,False
7,2024-12-15,42555,3.3006413246661452,True
7,2024-12-16,34697,1.8773476137411775,False
7,2024-12-17,33204,1.606925431199694,False
7,2024-12-18,32180,1.4214516770654149,False
7,2024-12-19,34366,1.817394671730976,False
7,2024-12-20,35896,2.0945185426542645,False
7,2024-12-21,42810,3.3468286364866935,True
7,2024-12-22,46024,3.928969892138621,True
7,2024-12-23,43227,3.422358475816766,True
7,2024-12-24,38899,2.6384420618586013,False
7,2024-12-25,32135,1.4133009749794356,False
7,2024-12-26,32175,1.420546043500306,False
7,2024-12-27,33565,1.6723121746005485,False
7,2024-12-28,36793,2.2569892042347806,False
7,2024-12-29,39133,2.6808257127056923,False
7,2024-12-30,30254,1.0726016277855106,False
7,2024-12-31,28200,0.7005673592388213,False
7,2025-01-01,15591,-1.5832593652525149,False
7,2025-01-02,44771,3.7020181207223595,True
7,2025-01-03,40363,2.903611569722454,False
7,2025-01-04,36244,2.157550638785836,False
7,2025-01-05,30217,1.0658999394037054,False
7,2025-01-06,29508,0.9374810998712797,False
7,2025-01-07,24674,0.061914569124105534,False
7,2025-01-08,24317,-0.002747667424661771,False
7,2025-01-09,23174,-0.2097755004085302,False
7,2025-01-10,24158,-0.03154681479512116,False
7,2025-01-11,29171,0.8764413975829475,False
7,2025-01-12,26775,0.44246179318281736,False
7,2025-01-13,21003,-0.603001594378765,False
7,2025-01-14,17203,-1.2912831038614423,False
7,2025-01-15,17784,-1.1860484835958014,False
7,2025-01-16,17161,-1.298890425808356,False
7,2025-01-17,19944,-0.7948147834688059,False
7,2025-01-18,24440,0.01953091827701436,False
7,2025-01-19,21986,-0.42495403547837773,False
7,2025-01-20,18424,-1.0701273872618768,False
7,2025-01-21,16892,-1.3476135116112087,False
7,2025-01-22,16867,-1.3521416794367527,False
7,2025-01-23,16653,-1.3909027960234086,False
7,2025-01-24,20094,-0.7676457765155422,False
7,2025-01-25,25884,0.2810778918804317,False
7,2025-01-26,24827,0.08962695621643438,False
7,2025-01-27,18060,-1.1360575108017963,False
7,2025-01-28,18943,-0.9761226232035848,False
7,2025-01-29,18007,-1.1456572265919496,False
7,2025-01-30,19545,-0.8670843419644869,False
7,2025-01-31,22618,-0.3104819528486272,False
7,2025-02-01,29112,0.8657549215146638,False
7,2025-02-02,26878,0.4611178446240583,False
7,2025-02-03,22097,-0.4048489703329627,False
7,2025-02-04,21501,-0.5128004912939299,False
7,2025-02-05,23136,-0.21665831550335699,False
7,2025-02-06,20501,-0.6939272043156871,False
7,2025-02-07,24541,0.03782471629221183,False
7,2025-02-08,29627,0.9590351787208687,False
7,2025-02-09,27653,0.6014910472159202,False
7,2025-02-10,21295,-0.5501125941764119,False
7,2025-02-11,19883,-0.8058635129631331,False
7,2025-02-12,21392,-0.5325433030133014,False
7,2025-02-13,23227,-0.20017578461837707,False
7,2025-02-14,34301,1.8056214353845617,False
7,2025-02-15,31229,1.2492001729817237,False
7,2025-02-16,29188,0.8795205517043174,False
7,2025-02-17,21595,-0.49577458026988475,False
7,2025-02-18,19666,-0.8451680096888543,False
7,2025-02-19,21017,-0.6004658203964605,False
7,2025-02-20,20057,-0.7743474648973473,False
7,2025-02-21,22701,-0.29544843566782136,False
7,2025-02-22,26125,0.3247294297186752,False
7,2025-02-23,24952,0.11226779534415403,False
7,2025-02-24,19958,-0.7922790094865012,False
7,2025-02-25,19869,-0.8083992869454376,False
7,2025-02-26,21180,-0.570942166173914,False
7,2025-02-27,20863,-0.628359334201811,False
7,2025-02-28,26626,0.4154739129425755,False
7,2025-03-01,29458,0.9284247642201918,False
7,2025-03-02,26207,0.33958182018645927,False
7,2025-03-03,35939,2.1023069913142,False
7,2025-03-04,23634,-0.12645721241852192,False
7,2025-03-05,24693,0.06535597667151892,False
7,2025-03-06,22304,-0.36735574073745897,False
7,2025-03-07,25041,0.12838807280309042,False
7,2025-03-08,28305,0.7195856641061058,False
7,2025-03-09,25903,0.2845192994278451,False
7,2025-03-10,21951,-0.43129347043413924,False
7,2025-03-11,18308,-1.0911380859724005,False
7,2025-03-12,20144,-0.7585894408644545,False
7,2025-03-13,19129,-0.9424330545815379,False
7,2025-03-14,25988,0.2999150700346945,False
7,2025-03-15,28279,0.7148763695675401,False
7,2025-03-16,26667,0.42290010817646756,False
7,2025-03-17,22778,-0.28150167876514604,False
7,2025-03-18,21840,-0.4513985355795543,False
7,2025-03-19,21866,-0.44668924104098856,False
7,2025-03-20,22190,-0.38800418602193926,False
7,2025-03-21,24068,-0.0478482189670793,False
7,2025-03-22,27043,0.49100375227264825,False
7,2025-03-23,26388,0.3723657552433973,False
7,2025-03-24,21136,-0.5789117415468713,False
7,2025-03-25,21027,-0.5986545532662428,False
7,2025-03-26,21658,-0.48436359734951406,False
7,2025-03-27,20492,-0.6955573447328829,False
7,2025-03-28,23787,-0.09874482532619307,False
7,2025-03-29,31125,1.230362994827461,False
7,2025-03-30,27329,0.5428059921968708,False
7,2025-03-31,24219,-0.020498085300793972,False
7,2025-04-01,24010,-0.05835356832234122,False
7,2025-04-02,22416,-0.34706954887902214,False
7,2025-04-03,22279,-0.37188390856300285,False
7,2025-04-04,25016,0.12385990497754648,False
7,2025-04-05,30612,1.1374449910472997,False
7,2025-04-06,28536,0.7614259348141317,False
7,2025-04-07,23078,-0.22716366485861889,False
7,2025-04-08,21657,-0.48454472406253585,False
7,2025-04-09,21605,-0.4939633131396672,False
7,2025-04-10,21987,-0.42477290876535595,False
7,2025-04-11,23935,-0.071938071798973,False
7,2025-04-12,30008,1.0280444563821582,False
7,2025-04-13,27708,0.6114530164321168,False
7,2025-04-14,22081,-0.4077469977413108,False
7,2025-04-15,24093,-0.04332005114153538,False
7,2025-04-16,24371,0.007033175078513115,False
7,2025-04-17,26582,0.4075043375696182,False
7,2025-04-18,31562,1.3095153684179688,False
7,2025-04-19,31815,1.3553404268124734,False
7,2025-04-20,29156,0.8737244968876211,False
7,2025-04-21,24135,-0.035712729194621574,False
7,2025-04-22,21726,-0.47204698086403457,False
7,2025-04-23,21831,-0.45302867599675006,False
7,2025-04-24,21987,-0.42477290876535595,False
7,2025-04-25,23935,-0.071938071798973,False
7,2025-04-26,29503,0.9365754663061708,False
7,2025-04-27,27481,0.5703372525761778,False
7,2025-04-28,21054,-0.5937641320146554,False
7,2025-04-29,20785,-0.6424872178175081,False
7,2025-04-30,23108,-0.2217298634679662,False
7,2025-05-01,25391,0.19178242236070542,False
7,2025-05-02,31104,1.2265593338540042,False
7,2025-05-03,32451,1.470537016294311,False
7,2025-05-04,29309,0.90143688397995,False
7,2025-05-05,23492,-0.15217720566761142,False
7,2025-05-06,20483,-0.6971874851500788,False
7,2025-05-07,20190,-0.7502576120654536,False
7,2025-05-08,20621,-0.6721919987530762,False
7,2025-05-09,24549,0.03927372999638589,False
7,2025-05-10,31399,1.2799917141954225,False
7,2025-05-11,32311,1.445179276471265,False
7,2025-05-12,19472,-0.8803065920150752,False
7,2025-05-13,18005,-1.146019480017993,False
7,2025-05-14,18444,-1.0665048530014416,False
7,2025-05-15,20103,-0.7660156360983464,False
7,2025-05-16,22638,-0.30685941858819205,False
7,2025-05-17,27763,0.6214149856483134,False
7,2025-05-18,26831,0.4526048891120357,False
7,2025-05-19,19691,-0.8406398418633104,False
7,2025-05-20,20336,-0.723813111964277,False
7,2025-05-21,19499,-0.8754161707634878,False
7,2025-05-22,23292,-0.18840254827196287,False
7,2025-05-23,30954,1.1993903269007404,False
7,2025-05-24,31063,1.219133138620112,False
7,2025-05-25,30130,1.0501419153708127,False
7,2025-05-26,20139,-0.7594950744295632,False
7,2025-05-27,18798,-1.0023859965917397,False
7,2025-05-28,19488,-0.8774085646067271,False
7,2025-05-29,20214,-0.7459105709529315,False
7,2025-05-30,24027,-0.05527441420097135,False
7,2025-05-31,32758,1.5261429171919905,False
7,2025-06-01,37251,2.3399452387987454,False
7,2025-06-02,21897,-0.4410743129373141,False
7,2025-06-03,19324,-0.9071133455422953,False
7,2025-06-04,19660,-0.8462547699669849,False
7,2025-06-05,21419,-0.527652881761714,False
7,2025-06-06,23310,-0.18514226743757123,False
7,2025-06-07,29821,0.9941737610470897,False
7,2025-06-08,27283,0.53447416339787,False
7,2025-06-09,19633,-0.8511451912185724,False
7,2025-06-10,18835,-0.9956843082099346,False
7,2025-06-11,19876,-0.8071313999542853,False
7,2025-06-12,20812,-0.6375967965659206,False
7,2025-06-13,25065,0.1327351139156126,False
7,2025-06-14,32140,1.4142066085445446,False
7,2025-06-15,28555,0.7648673423615451,False
7,2025-06-16,19993,-0.7859395745307397,False
7,2025-06-17,19221,-0.9257693969835363,False
7,2025-06-18,20437,-0.7055193139490795,False
7,2025-06-19,19626,-0.8524130782097247,False
7,2025-06-20,22410,-0.3481563091571527,False
7,2025-06-21,27655,0.6018533006419636,False
7,2025-06-22,26489,0.3906595532585948,False
7,2025-06-23,19320,-0.9078378523943823,False
7,2025-06-24,18358,-1.0820817503213127,False
7,2025-06-25,19676,-0.8433567425586368,False
7,2025-06-26,20497,-0.6946517111677741,False
7,2025-06-27,25374,0.18870326823933556,False
7,2025-06-28,27767,0.6221394925004005,False
7,2025-06-29,25264,0.16877932980694227,False
7,2025-06-30,20090,-0.7683702833676294,False
7,2025-07-01,20583,-0.679074813847903,False
7,2025-07-02,21035,-0.5972055395620688,False
7,2025-07-03,20132,-0.7607629614207155,False
7,2025-07-04,24535,0.036737956014081294,False
7,2025-07-05,31460,1.2910404436897496,False
7,2025-07-06,29312,0.9019802641190152,False
7,2025-07-07,20062,-0.7734418313322385,False
7,2025-07-08,19572,-0.8621939207128995,False
7,2025-07-09,19253,-0.91997334216684,False
7,2025-07-10,19095,-0.9485913628242777,False
7,2025-07-11,23423,-0.16467494886611267,False
7,2025-07-12,29033,0.851445911185945,False
7,2025-07-13,26411,0.37653166964289775,False
7,2025-07-14,19245,-0.9214223558710141,False
7,2025-07-15,20287,-0.7326883209023431,False
7,2025-07-16,19426,-0.8886384208140761,False
7,2025-07-17,19225,-0.9250448901314493,False
7,2025-07-18,23664,-0.1210234110278692,False
7,2025-07-19,30633,1.1412486520207565,False
7,2025-07-20,27382,0.5524057079870239,False
7,2025-07-21,20808,-0.6383213034180076,False
7,2025-07-22,19500,-0.875235044050466,False
7,2025-07-23,19051,-0.956560938197235,False
7,2025-07-24,18713,-1.017781767198589,False
7,2025-07-25,22916,-0.25650619236814354,False
7,2025-07-26,27709,0.6116341431451385,False
7,2025-07-27,25844,0.27383282335956144,False
7,2025-07-28,19709,-0.8373795610289188,False
7,2025-07-29,18373,-1.0793648496259864,False
7,2025-07-30,18886,-0.986446845845825,False
7,2025-07-31,19589,-0.8591147665915296,False
7,2025-08-01,24519,0.03383992860573318,False
7,2025-08-02,30528,1.122230347153472,False
7,2025-08-03,26808,0.4484389747125353,False
7,2025-08-04,22079,-0.4081092511673543,False
7,2025-08-05,22266,-0.3742385558322857,False
7,2025-08-06,20972,-0.6086165224824395,False
7,2025-08-07,20918,-0.6183973649856144,False
7,2025-08-08,25517,0.21460438820144684,False
7,2025-08-09,30196,1.0620962784302486,False
7,2025-08-10,29097,0.8630380208193374,False
7,2025-08-11,28479,0.7511017121718916,False
7,2025-08-12,21162,-0.5742024470083056,False
7,2025-08-13,19209,-0.9279429175397974,False
7,2025-08-14,18785,-1.0047406438610225,False
7,2025-08-15,24382,0.009025568921752445,False
7,2025-08-16,27968,0.6585459618177736,False
7,2025-08-17,26837,0.45369164939016626,False
7,2025-08-18,20329,-0.7250809989554293,False
7,2025-08-19,20180,-0.7520688791956711,False
7,2025-08-20,20547,-0.6855953755166863,False
7,2025-08-21,19417,-0.8902685612312718,False
7,2025-08-22,22713,-0.2932749151115603,False
7,2025-08-23,26774,0.4422806664697956,False
7,2025-08-24,25900,0.2839759192887798,False
7,2025-08-25,20035,-0.778332252583826,False
7,2025-08-26,18382,-1.0777347092087906,False
7,2025-08-27,18729,-1.0148837397902408,False
7,2025-08-28,19055,-0.955836431345148,False
7,2025-08-29,20649,-0.667120450788467,False
7,2025-08-30,26308,0.35787561820165675,False
7,2025-08-31,26366,0.3683809675569187,False
7,2025-09-01,20216,-0.7455483175268879,False
7,2025-09-02,18385,-1.0771913290697253,False
7,2025-09-03,19193,-0.9308409449481455,False
7,2025-09-04,20058,-0.7741663381843256,False
7,2025-09-05,22425,-0.3454394084618263,False
7,2025-09-06,28243,0.7083558078987569,False
7,2025-09-07,26657,0.42108884104625,False
7,2025-09-08,19653,-0.8475226569581372,False
7,2025-09-09,18508,-1.0549127433680492,False
7,2025-09-10,18191,-1.1123299113959462,False
7,2025-09-11,19615,-0.8544054720529639,False
7,2025-09-12,21022,-0.5995601868313516,False
7,2025-09-13,27690,0.6081927355977251,False
7,2025-09-14,26197,0.3377705530562417,False
7,2025-09-15,20502,-0.6937460776026654,False
7,2025-09-16,19610,-0.8553111056180728,False
7,2025-09-17,19079,-0.9514893902326258,False
7,2025-09-18,19053,-0.9561986847711915,False
7,2025-09-19,21766,-0.4648019123431643,False
7,2025-09-20,28050,0.6733983522855578,False
7,2025-09-21,26801,0.44717108772138303,False
7,2025-09-22,19086,-0.9502215032414735,False
7,2025-09-23,18036,-1.1404045519143184,False
7,2025-09-24,18274,-1.0972963942151404,False
7,2025-09-25,18228,-1.1056282230141412,False
7,2025-09-26,21857,-0.4483193814581844,False
7,2025-09-27,25391,0.19178242236070542,False
7,2025-09-28,24187,-0.026294140117490202,False
7,2025-09-29,20017,-0.7815925334182175,False
7,2025-09-30,19246,-0.9212412291579923,False
8,2024-10-01,24404,-0.4646985044243969,False
8,2024-10-02,23804,-0.5619322982803122,False
8,2024-10-03,25122,-0.3483420644434849,False
8,2024-10-04,27820,0.08888589526194769,False
8,2024-10-05,35616,1.3522769900964742,False
8,2024-10-06,31068,0.615244832668636,False
8,2024-10-07,27931,0.10687414712529202,False
8,2024-10-08,23920,-0.543133764801502,False
8,2024-10-09,21661,-0.9092189986690231,False
8,2024-10-10,21240,-0.977444710691257,False
8,2024-10-11,25556,-0.2780096202210395,False
8,2024-10-12,31557,0.694490374661207,False
8,2024-10-13,27746,0.07689372735305146,False
8,2024-10-14,22344,-0.7985345299963729,False
8,2024-10-15,21597,-0.9195906033469875,False
8,2024-10-16,21640,-0.9126221814539802,False
8,2024-10-17,19965,-1.184066522635077,False
8,2024-10-18,25759,-0.24511218663312148,False
8,2024-10-19,31293,0.6517075053646042,False
8,2024-10-20,29934,0.43147296228095605,False
8,2024-10-21,24968,-0.3732987381998365,False
8,2024-10-22,22167,-0.8272184991838679,False
8,2024-10-23,22985,-0.6946564268936367,False
8,2024-10-24,24894,-0.38529090610873273,False
8,2024-10-25,35337,1.3070632759534735,False
8,2024-10-26,39644,2.0050398595158523,False
8,2024-10-27,36205,1.4477281643983644,False
8,2024-10-28,27068,-0.03298045970413286,False
8,2024-10-29,24313,-0.4794456298258774,False
8,2024-10-30,22294,-0.8066373461510324,False
8,2024-10-31,40143,2.0859059647393554,False
8,2024-11-01,31663,0.7116683449090854,False
8,2024-11-02,31521,0.6886563470298521,False
8,2024-11-03,29233,0.3178714797926283,False
8,2024-11-04,34104,1.1072478295795676,False
8,2024-11-05,26153,-0.18126199533440374,False
8,2024-11-06,23973,-0.5345447796775628,False
8,2024-11-07,25868,-0.22744804741596353,False
8,2024-11-08,29063,0.2903219048667856,False
8,2024-11-09,37040,1.5830451941811798,False
8,2024-11-10,35122,1.2722211664884373,False
8,2024-11-11,27755,0.07835223426089019,False
8,2024-11-12,23462,-0.617355560778184,False
8,2024-11-13,22647,-0.7494314640991356,False
8,2024-11-14,25397,-0.30377657559285703,False
8,2024-11-15,27413,0.022928971763018457,False
8,2024-11-16,35328,1.305604769045635,False
8,2024-11-17,35564,1.3438500612956281,False
8,2024-11-18,27180,-0.01483015151769533,False
8,2024-11-19,23360,-0.6338853057336896,False
8,2024-11-20,23480,-0.6144385469625065,False
8,2024-11-21,22551,-0.764988871116082,False
8,2024-11-22,27894,0.10087806317084391,False
8,2024-11-23,38760,1.8617820699014704,False
8,2024-11-24,35135,1.2743278986886488,False
8,2024-11-25,29992,0.44087222902036116,False
8,2024-11-26,25060,-0.3583895564752628,False
8,2024-11-27,25540,-0.28060252139053055,False
8,2024-11-28,25281,-0.32257510907166737,False
8,2024-11-29,36876,1.5564679571938964,False
8,2024-11-30,45570,2.9653856301661095,False
8,2024-12-01,43367,2.608375550391807,False
8,2024-12-02,25385,-0.30572125146997536,False
8,2024-12-03,23965,-0.5358412302623083,False
8,2024-12-04,23597,-0.595477957160603,False
8,2024-12-05,26044,-0.1989261345515617,False
8,2024-12-06,37682,1.6870853536070094,False
8,2024-12-07,43848,2.6863246417996325,False
8,2024-12-08,41852,2.362860220905621,False
8,2024-12-09,29038,0.2862704967894558,False
8,2024-12-10,23067,-0.6813678083999949,False
8,2024-12-11,22540,-0.7667714906701072,False
8,2024-12-12,23636,-0.5891577605599685,False
8,2024-12-13,32420,0.8343449814906319,False
8,2024-12-14,43859,2.6881072613536574,False
8,2024-12-15,42630,2.4889400402721242,False
8,2024-12-16,30010,0.44378924283603866,False
8,2024-12-17,29093,0.2951835945595814,False
8,2024-12-18,30413,0.5090979410425951,False
8,2024-12-19,31371,0.6643478985658733,False
8,2024-12-20,37705,1.6908126490381528,False
8,2024-12-21,48281,3.4047203220717535,True
8,2024-12-22,50669,3.7917108216182966,True
8,2024-12-23,47569,3.2893362200294005,True
8,2024-12-24,46250,3.07558392986948,True
8,2024-12-25,40135,2.08460951415461,False
8,2024-12-26,32528,0.8518470643846966,False
8,2024-12-27,33609,1.0270299496484374,False
8,2024-12-28,39789,2.028538026364365,False
8,2024-12-29,40358,2.120748074204392,False
8,2024-12-30,35119,1.2717349975191576,False
8,2024-12-31,27490,0.035407308641194256,False
8,2025-01-01,17489,-1.5853179786138212,False
8,2025-01-02,32497,0.8468233183688076,False
8,2025-01-03,31129,0.6251302683773208,False
8,2025-01-04,31065,0.6147586636993564,False
8,2025-01-05,31372,0.6645099548889665,False
8,2025-01-06,26844,-0.06928107607700791,False
8,2025-01-07,24155,-0.5050505288746018,False
8,2025-01-08,24776,-0.40441355223372943,False
8,2025-01-09,19919,-1.191521113497364,False
8,2025-01-10,23095,-0.6768302313533855,False
8,2025-01-11,30860,0.581537117465252,False
8,2025-01-12,28883,0.261151766710011,False
8,2025-01-13,19421,-1.2722251623977738,False
8,2025-01-14,18552,-1.4130521071657578,False
8,2025-01-15,19693,-1.2281458425164253,False
8,2025-01-16,18817,-1.370107181546062,False
8,2025-01-17,22362,-0.7956175161806954,False
8,2025-01-18,30014,0.4444374681284114,False
8,2025-01-19,28675,0.22744405150662703,False
8,2025-01-20,22007,-0.8531475108787786,False
8,2025-01-21,19987,-1.180501283527027,False
8,2025-01-22,17551,-1.5752704865820433,False
8,2025-01-23,17401,-1.5995789350460219,False
8,2025-01-24,20363,-1.1195681060439866,False
8,2025-01-25,28018,0.12097304723439975,False
8,2025-01-26,26350,-0.14933689968504488,False
8,2025-01-27,22904,-0.7077829890641852,False
8,2025-01-28,20427,-1.1091965013660223,False
8,2025-01-29,18980,-1.3436920008818716,False
8,2025-01-30,19432,-1.2704425428437487,False
8,2025-01-31,22652,-0.7486211824836697,False
8,2025-02-01,30982,0.6013079888826215,False
8,2025-02-02,30119,0.4614533820531966,False
8,2025-02-03,22311,-0.8038823886584482,False
8,2025-02-04,19726,-1.2227979838543501,False
8,2025-02-05,21001,-1.01617617191053,False
8,2025-02-06,19612,-1.241272404686974,False
8,2025-02-07,24344,-0.47442188380998845,False
8,2025-02-08,32363,0.8251077710743199,False
8,2025-02-09,26989,-0.045782909228495046,False
8,2025-02-10,23551,-0.6029325480228899,False
8,2025-02-11,19074,-1.3284587065111115,False
8,2025-02-12,19363,-1.2816244291371788,False
8,2025-02-13,19713,-1.2249047160545616,False
8,2025-02-14,29237,0.31851970508500105,False
8,2025-02-15,31399,0.6688854756124826,False
8,2025-02-16,31161,0.6303160707163029,False
8,2025-02-17,20771,-1.0534491262219643,False
8,2025-02-18,19208,-1.3067431592166237,False
8,2025-02-19,19037,-1.3344547904655595,False
8,2025-02-20,20812,-1.0468048169751434,False
8,2025-02-21,22676,-0.744731830729433,False
8,2025-02-22,28818,0.25061810570895354,False
8,2025-02-23,28618,0.21820684109031507,False
8,2025-02-24,19071,-1.328944875480391,False
8,2025-02-25,17554,-1.5747843176127636,False
8,2025-02-26,17585,-1.5697605715968745,False
8,2025-02-27,18303,-1.4534041316159627,False
8,2025-02-28,23477,-0.6149247159317861,False
8,2025-03-01,30345,0.498078111072258,False
8,2025-03-02,26229,-0.16894571477932113,False
8,2025-03-03,25442,-0.2964840410536634,False
8,2025-03-04,27472,0.0324902948255168,False
8,2025-03-05,24485,-0.45157194225384834,False
8,2025-03-06,21267,-0.9730691899677409,False
8,2025-03-07,25598,-0.27120325465112544,False
8,2025-03-08,34120,1.1098407307490585,False
8,2025-03-09,31080,0.6171895085457543,False
8,2025-03-10,24390,-0.4669672929477016,False
8,2025-03-11,19870,-1.1994618733289304,False
8,2025-03-12,18959,-1.3470951836668286,False
8,2025-03-13,17639,-1.5610095301498423,False
8,2025-03-14,22161,-0.828190837122427,False
8,2025-03-15,32351,0.8231630951972017,False
8,2025-03-16,31809,0.7353285680806915,False
8,2025-03-17,21469,-0.940333812702916,False
8,2025-03-18,19358,-1.2824347107526448,False
8,2025-03-19,20479,-1.1007695725651763,False
8,2025-03-20,21626,-0.9148909699772849,False
8,2025-03-21,25477,-0.2908120697454017,False
8,2025-03-22,32820,0.8991675107279088,False
8,2025-03-23,33088,0.9425986053168842,False
8,2025-03-24,20755,-1.0560420273914553,False
8,2025-03-25,19636,-1.2373830529327374,False
8,2025-03-26,18095,-1.4871118468193465,False
8,2025-03-27,18053,-1.4939182123892607,False
8,2025-03-28,22190,-0.8234912037527244,False
8,2025-03-29,32351,0.8231630951972017,False
8,2025-03-30,30909,0.5894778772968184,False
8,2025-03-31,21814,-0.8844243812357647,False
8,2025-04-01,21421,-0.9481125162113893,False
8,2025-04-02,22165,-0.8275426118300543,False
8,2025-04-03,23037,-0.6862294980927907,False
8,2025-04-04,28156,0.14333681982126026,False
8,2025-04-05,40328,2.115886384511596,False
8,2025-04-06,36942,1.567163674518047,False
8,2025-04-07,24432,-0.4601609273777875,False
8,2025-04-08,22148,-0.8302975693226385,False
8,2025-04-09,21462,-0.9414682069645685,False
8,2025-04-10,22161,-0.828190837122427,False
8,2025-04-11,26560,-0.1153050718354745,False
8,2025-04-12,35280,1.2978260655371616,False
8,2025-04-13,29998,0.4418445669589203,False
8,2025-04-14,24414,-0.463077941193465,False
8,2025-04-15,23063,-0.6820160336923676,False
8,2025-04-16,25332,-0.31431023659391455,False
8,2025-04-17,31842,0.7406764267427668,False
8,2025-04-18,31587,0.6993520643540028,False
8,2025-04-19,33204,0.9613971387956946,False
8,2025-04-20,31195,0.6358259857014714,False
8,2025-04-21,25931,-0.2172384990610924,False
8,2025-04-22,21817,-0.8839382122664852,False
8,2025-04-23,21495,-0.936120348302493,False
8,2025-04-24,22161,-0.828190837122427,False
8,2025-04-25,26560,-0.1153050718354745,False
8,2025-04-26,32654,0.8722661610944389,False
8,2025-04-27,33442,0.9999665436918743,False
8,2025-04-28,21480,-0.9385511931488909,False
8,2025-04-29,23419,-0.6243239826711913,False
8,2025-04-30,22289,-0.8074476277664985,False
8,2025-05-01,27360,0.014339986639079268,False
8,2025-05-02,37592,1.672500284528622,False
8,2025-05-03,34933,1.241592521423824,False
8,2025-05-04,33006,0.9293099868232425,False
8,2025-05-05,26250,-0.16554253199436408,False
8,2025-05-06,23422,-0.6238378137019117,False
8,2025-05-07,23799,-0.5627425798957782,False
8,2025-05-08,23481,-0.6142764906394134,False
8,2025-05-09,29625,0.38139755844515966,False
8,2025-05-10,37621,1.6771999178983246,False
8,2025-05-11,35408,1.3185692748930902,False
8,2025-05-12,22836,-0.7188028190345224,False
8,2025-05-13,20860,-1.03902611346667,False
8,2025-05-14,20375,-1.1176234301668684,False
8,2025-05-15,21852,-0.8782662409582235,False
8,2025-05-16,25035,-0.3624409645525926,False
8,2025-05-17,31429,0.6737471653052783,False
8,2025-05-18,30508,0.5244932917364483,False
8,2025-05-19,22356,-0.7965898541192545,False
8,2025-05-20,20919,-1.0294647904041718,False
8,2025-05-21,21315,-0.9652904864592676,False
8,2025-05-22,24989,-0.36989555541487945,False
8,2025-05-23,33655,1.0344845405107244,False
8,2025-05-24,32727,0.8840962726802419,False
8,2025-05-25,30780,0.5685726116177966,False
8,2025-05-26,21124,-0.9962432441700674,False
8,2025-05-27,19385,-1.2780591900291287,False
8,2025-05-28,21078,-1.0036978350323542,False
8,2025-05-29,20773,-1.053125013575778,False
8,2025-05-30,29789,0.40797479543244314,False
8,2025-05-31,39749,2.0220557734406377,False
8,2025-06-01,44126,2.73137629961954,False
8,2025-06-02,25390,-0.3049109698545094,False
8,2025-06-03,22042,-0.8474755395705169,False
8,2025-06-04,23749,-0.5708453960504378,False
8,2025-06-05,24186,-0.5000267828587128,False
8,2025-06-06,30744,0.5627385839864417,False
8,2025-06-07,34642,1.194434131403705,False
8,2025-06-08,32940,0.9186142694990919,False
8,2025-06-09,23046,-0.684770991184952,False
8,2025-06-10,21252,-0.9755000348141388,False
8,2025-06-11,21119,-0.9970535257855333,False
8,2025-06-12,21728,-0.8983612250217793,False
8,2025-06-13,28473,0.19470867424180222,False
8,2025-06-14,34295,1.1382005872903673,False
8,2025-06-15,34144,1.1137300825032952,False
8,2025-06-16,22952,-0.700004285555712,False
8,2025-06-17,20227,-1.1416077659846608,False
8,2025-06-18,21448,-0.9437369954878732,False
8,2025-06-19,21016,-1.0137453270641321,False
8,2025-06-20,26105,-0.18904069884287697,False
8,2025-06-21,29404,0.34558311104156414,False
8,2025-06-22,27853,0.09423375392402303,False
8,2025-06-23,22333,-0.800317149550398,False
8,2025-06-24,20113,-1.1600821868172848,False
8,2025-06-25,21349,-0.9597805714740991,False
8,2025-06-26,21829,-0.8819935363893668,False
8,2025-06-27,25229,-0.33100203787251337,False
8,2025-06-28,29142,0.3031243543911478,False
8,2025-06-29,28575,0.21123841919730782,False
8,2025-06-30,25025,-0.3640615277835246,False
8,2025-07-01,24955,-0.375405470400048,False
8,2025-07-02,24608,-0.4316390145133857,False
8,2025-07-03,25401,-0.3031283503004843,False
8,2025-07-04,27544,0.04415835008822663,False
8,2025-07-05,32644,0.8706455978635069,False
8,2025-07-06,32386,0.8288350665054633,False
8,2025-07-07,26800,-0.07641155429310838,False
8,2025-07-08,24502,-0.4488169847612641,False
8,2025-07-09,24983,-0.3708678933534386,False
8,2025-07-10,25988,-0.20800128864478046,False
8,2025-07-11,26975,-0.04805169775179974,False
8,2025-07-12,31251,0.6449011397946902,False
8,2025-07-13,29122,0.29988322792928396,False
8,2025-07-14,25242,-0.32889530567230185,False
8,2025-07-15,25103,-0.35142113458225555,False
8,2025-07-16,24456,-0.4562715756235509,False
8,2025-07-17,24164,-0.503592021966763,False
8,2025-07-18,27235,-0.005917053747569759,False
8,2025-07-19,30014,0.4444374681284114,False
8,2025-07-20,29294,0.32775691550131303,False
8,2025-07-21,25963,-0.21205269672211025,False
8,2025-07-22,23389,-0.629185672363987,False
8,2025-07-23,24168,-0.5029437966743903,False
8,2025-07-24,23169,-0.6648380634444893,False
8,2025-07-25,26013,-0.20394988056745064,False
8,2025-07-26,28347,0.17428957753205998,False
8,2025-07-27,27739,0.07575933309139912,False
8,2025-07-28,22836,-0.7188028190345224,False
8,2025-07-29,22271,-0.8103646415821759,False
8,2025-07-30,23445,-0.6201105182707682,False
8,2025-07-31,25264,-0.3253300665642516,False
8,2025-08-01,34040,1.0968762249016033,False
8,2025-08-02,38325,1.7912875693559318,False
8,2025-08-03,35389,1.3154902047543195,False
8,2025-08-04,28909,0.26536523111043403,False
8,2025-08-05,29147,0.30393463600661375,False
8,2025-08-06,27585,0.05080265933504752,False
8,2025-08-07,27925,0.10590180918673286,False
8,2025-08-08,31623,0.7051860919853576,False
8,2025-08-09,32025,0.770332733868821,False
8,2025-08-10,31253,0.6452252524408766,False
8,2025-08-11,33055,0.9372507466548089,False
8,2025-08-12,25557,-0.2778475638979463,False
8,2025-08-13,24302,-0.48122824937990255,False
8,2025-08-14,24947,-0.37670192098479355,False
8,2025-08-15,29033,0.28546021517398984,False
8,2025-08-16,33425,0.9972115861992901,False
8,2025-08-17,32130,0.7873486477936061,False
8,2025-08-18,27766,0.08013485381491531,False
8,2025-08-19,27675,0.06538772841343482,False
8,2025-08-20,28075,0.1302102576507117,False
8,2025-08-21,27391,0.019363732654968227,False
8,2025-08-22,29056,0.28918751060513326,False
8,2025-08-23,32577,0.8597878242162631,False
8,2025-08-24,32343,0.8218666446124561,False
8,2025-08-25,26771,-0.08111118766281095,False
8,2025-08-26,25514,-0.2848159857909536,False
8,2025-08-27,25751,-0.24640863721786702,False
8,2025-08-28,24837,-0.3945281165250447,False
8,2025-08-29,32778,0.8923611451579947,False
8,2025-08-30,38597,1.83536688923728,False
8,2025-08-31,37495,1.6567808211885824,False
8,2025-09-01,28218,0.1533843118530382,False
8,2025-09-02,25805,-0.23765759577083462,False
8,2025-09-03,24929,-0.379618934800471,False
8,2025-09-04,26186,-0.1759141366723284,False
8,2025-09-05,30721,0.5590112885552982,False
8,2025-09-06,34435,1.160888472523414,False
8,2025-09-07,32328,0.8194357997660582,False
8,2025-09-08,29362,0.3387767454716501,False
8,2025-09-09,23102,-0.6756958370917332,False
8,2025-09-10,22867,-0.7137790730186333,False
8,2025-09-11,23195,-0.6606245990440663,False
8,2025-09-12,25225,-0.3316502631648861,False
8,2025-09-13,33396,0.9925119528295875,False
8,2025-09-14,32484,0.8447165861685961,False
8,2025-09-15,24091,-0.515422133552566,False
8,2025-09-16,20608,-1.0798643068861546,False
8,2025-09-17,22630,-0.7521864215917199,False
8,2025-09-18,21691,-0.9043573089762273,False
8,2025-09-19,26309,-0.15598120893186576,False
8,2025-09-20,34850,1.228141846607089,False
8,2025-09-21,31901,0.7502377498052651,False
8,2025-09-22,21579,-0.9225076171626649,False
8,2025-09-23,21269,-0.9727450773215545,False
8,2025-09-24,20735,-1.0592831538533192,False
8,2025-09-25,21062,-1.0062907362018454,False
8,2025-09-26,26596,-0.10947104420411959,False
8,2025-09-27,32964,0.9225036212533284,False
8,2025-09-28,32472,0.8427719102914779,False
8,2025-09-29,21062,-1.0062907362018454,False
8,2025-09-30,21780,-0.8899342962209333,False
